Step,Link,Running Vehicles,Occupancy,Travel Time,CO,CO2,HC,PMx,NOx,Fuel,Speed
250,gneE32,0.68,0.009,18.163,19.121,1222.079,0.114,0.015,0.455,389.795,10.68
250,gneE33,1.208,0.022,12.892,53.812,3683.489,0.329,0.058,1.461,1174.87,10.765
250,gneE34,1.936,0.025,19.879,91.888,4938.079,0.531,0.081,1.977,1575.038,9.843
250,gneE35,0.78,0.01,18.852,29.497,1433.398,0.167,0.021,0.559,457.197,10.44
250,gneE36,1.26,0.023,13.121,55.099,3614.921,0.334,0.056,1.435,1153.002,10.587
250,gneE37,1.888,0.025,20.321,86.127,4475.082,0.494,0.07,1.778,1427.366,9.688
250,gneE38,0.672,0.009,18.358,21.827,1253.263,0.128,0.018,0.483,399.74,10.606
250,gneE39,1.232,0.022,12.975,54.849,3663.352,0.334,0.059,1.464,1168.446,10.686
250,gneE40,2.224,0.029,20.312,101.759,5256.153,0.584,0.084,2.099,1676.494,9.687
250,gneE41,0.84,0.011,18.639,29.932,1567.563,0.171,0.022,0.599,499.991,10.486
250,gneE42,1.336,0.024,12.923,59.955,4067.664,0.367,0.065,1.623,1297.404,10.742
250,gneE44,2.048,0.027,20.46,99.061,5053.919,0.567,0.082,2.021,1611.99,9.668
250,gneE45,0.504,0.01,13.096,26.014,1248.886,0.147,0.021,0.506,398.343,10.35
250,gneE45-n,0.236,0.005,12.293,10.241,537.213,0.059,0.009,0.214,171.349,10.824
250,gneE47,0.6,0.006,23.076,25.923,1350.43,0.149,0.021,0.532,430.732,10.49
250,gneE47-n,0.452,0.005,22.839,18.926,999.719,0.109,0.016,0.396,318.869,10.57
250,gneE48,0.572,0.006,22.466,22.587,1380.145,0.134,0.02,0.537,440.208,10.712
250,gneE48-n,0.996,0.011,23.351,39.725,2144.99,0.23,0.031,0.836,684.165,10.302
250,gneE49,0.316,0.006,12.913,16.118,819.295,0.092,0.014,0.335,261.32,10.692
250,gneE49-n,0.724,0.014,13.715,39.883,1710.555,0.221,0.03,0.704,545.597,9.992
250,gneE51,0.58,0.011,12.943,26.623,1359.409,0.153,0.023,0.55,433.594,10.46
250,gneE52,0.648,0.013,13.066,21.629,1179.883,0.125,0.016,0.449,376.336,10.422
250,gneE53,0.272,0.005,7.342,24.976,1354.369,0.146,0.029,0.583,431.979,18.361
250,gneE53-n,0.372,0.007,7.919,35.46,1790.261,0.204,0.038,0.771,571.009,17.77
250,gneE54,0.32,0.003,12.91,22.183,1496.822,0.136,0.029,0.616,477.415,18.555
250,gneE54-n,0.444,0.005,13.881,29.66,1853.833,0.177,0.035,0.756,591.286,17.916
250,gneE55,0.304,0.003,13.395,18.028,1237.192,0.11,0.024,0.505,394.605,18.395
250,gneE55-n,0.476,0.005,13.496,36.508,2245.816,0.219,0.045,0.937,716.308,17.995
250,gneE56,0.112,0.002,7.059,9.404,491.232,0.054,0.01,0.208,156.68,18.907
250,gneE56-n,0.428,0.008,7.774,39.006,2098.313,0.228,0.044,0.903,669.262,17.621
250,gneE57,0.688,0.013,12.884,25.906,1251.454,0.146,0.018,0.482,399.166,10.425
250,gneE58,0.432,0.008,12.781,18.237,933.856,0.104,0.014,0.369,297.862,10.558
250,gneE59,0.776,0.015,13.609,30.501,1386.288,0.17,0.021,0.54,442.173,10.112
250,gneE60,0.592,0.011,12.813,28.242,1390.909,0.161,0.022,0.554,443.643,10.492
250,gneE61,0.312,0.006,12.438,15.131,805.981,0.087,0.014,0.325,257.073,10.79
250,gneE62,0.724,0.014,15.401,26.403,1338.084,0.15,0.02,0.517,426.796,10.387
250,gneE63,1.492,0.004,90.155,40.881,3612.537,0.267,0.048,1.361,1152.243,11.056
250,gneE63-n,32.544,0.082,124.988,1449.804,68090.679,8.148,1.033,26.817,21718.241,8.234
250,gneE64,0.976,0.002,90.433,30.212,2406.147,0.191,0.033,0.919,767.457,11.023
250,gneE64-n,32,0.081,122.526,1416.003,67599.038,7.983,1.03,26.591,21561.412,8.408
250,gneE65,1.452,0.004,90.756,40.531,3409.735,0.261,0.045,1.289,1087.559,10.979
250,gneE65-n,33.456,0.084,130.276,1597.777,70115.468,8.872,1.09,27.791,22364.106,7.954
250,gneE66,1.092,0.003,90.812,32.677,2600.423,0.208,0.036,0.996,829.422,10.974
250,gneE66-n,32.712,0.082,125.976,1426.841,68148.913,8.045,1.029,26.848,21736.803,8.077
500,gneE32,6.32,0.083,34.812,406.993,11620.3,2.12,0.212,4.828,3706.477,5.893
500,gneE33,4.012,0.072,13.883,173.716,11659.72,1.059,0.182,4.633,3718.937,9.984
500,gneE34,3.76,0.05,23.414,182.123,9032.394,1.036,0.144,3.604,2880.963,8.337
500,gneE35,3.764,0.05,25.164,166.452,6706.392,0.91,0.104,2.653,2139.087,7.961
500,gneE36,3.744,0.068,13.974,157.654,10619.957,0.962,0.162,4.195,3387.302,9.922
500,gneE37,3.984,0.053,24.655,205.681,9366.822,1.152,0.154,3.767,2987.637,8.008
500,gneE38,3.788,0.05,25.201,168.661,6780.484,0.922,0.105,2.678,2162.72,8.067
500,gneE39,3.56,0.064,13.827,152.746,10285.56,0.932,0.16,4.078,3280.641,10.028
500,gneE40,5.264,0.069,26.079,273.21,11924.157,1.517,0.197,4.803,3803.33,7.586
500,gneE41,4.192,0.056,26.65,178.888,7627.116,0.987,0.114,2.985,2432.762,8.13
500,gneE42,3.776,0.068,13.888,158.849,10721.465,0.969,0.165,4.239,3419.678,9.987
500,gneE44,3.712,0.049,23.674,176.112,8675.134,1.001,0.138,3.462,2767.012,8.234
500,gneE45,1.1,0.022,14.58,59.426,2756.616,0.334,0.047,1.122,879.246,9.577
500,gneE45-n,1.068,0.021,16.415,55.73,2681.857,0.316,0.046,1.089,855.4,9.621
500,gneE47,1.968,0.021,26.878,90.511,4495.019,0.514,0.071,1.782,1433.728,9.231
500,gneE47-n,1.816,0.02,26.404,70.086,3985.868,0.409,0.058,1.546,1271.328,9.494
500,gneE48,1.028,0.011,25.309,37.793,2278.764,0.223,0.033,0.882,726.831,10.197
500,gneE48-n,1.668,0.018,26.38,73.041,3799.053,0.419,0.059,1.499,1211.742,9.617
500,gneE49,0.68,0.013,14.993,35.989,1711.079,0.204,0.029,0.695,545.763,10.026
500,gneE49-n,1.088,0.022,14.783,60.585,2608.61,0.336,0.045,1.065,832.041,9.444
500,gneE51,2.076,0.041,16.142,98.12,4683.113,0.555,0.078,1.886,1493.72,8.669
500,gneE52,2.32,0.046,17.802,93.346,4012.066,0.515,0.059,1.561,1279.698,8.409
500,gneE53,0.944,0.019,8.922,84.059,4379.644,0.487,0.091,1.874,1396.9,15.561
500,gneE53-n,1.572,0.031,17.046,143.767,7085.117,0.824,0.148,3.039,2259.824,12.821
500,gneE54,1.232,0.014,15.495,91.913,5515.061,0.546,0.11,2.287,1759.044,16
500,gneE54-n,1.088,0.012,15.402,77.269,4620.741,0.458,0.091,1.906,1473.8,16.172
500,gneE55,1.168,0.013,16.28,86.588,5187.615,0.514,0.104,2.157,1654.604,15.867
500,gneE55-n,0.804,0.009,14.723,61.887,3411.723,0.361,0.068,1.42,1088.181,16.865
500,gneE56,0.868,0.017,9.408,78.271,4164.316,0.455,0.087,1.78,1328.22,15.483
500,gneE56-n,0.496,0.01,7.97,45.793,2357.1,0.265,0.05,1.016,751.803,17.29
500,gneE57,2.72,0.053,18.887,125.606,4711.922,0.679,0.075,1.877,1502.93,7.649
500,gneE58,2.328,0.046,16.468,103.872,5176.288,0.591,0.083,2.063,1651.023,8.544
500,gneE59,2.192,0.043,16.864,90.179,3831.682,0.498,0.057,1.497,1222.162,8.484
500,gneE60,2.26,0.044,17.637,128.076,5059.083,0.699,0.086,2.054,1613.65,8.14
500,gneE61,1.172,0.023,14.852,60.715,2655.972,0.337,0.044,1.07,847.149,9.477
500,gneE62,2.176,0.042,16.429,93.669,3752.933,0.511,0.057,1.478,1197.046,8.463
500,gneE63,18.112,0.045,98.285,477.649,38526.608,3.039,0.487,14.446,12288.369,10.14
500,gneE63-n,66.012,0.166,236.184,4189.551,119510.171,21.824,2.216,50.044,38119.59,4.367
500,gneE64,18.128,0.045,98.744,485.395,38484.334,3.074,0.487,14.445,12274.889,10.088
500,gneE64-n,67.552,0.17,249.208,4589.803,125374.579,23.787,2.383,52.873,39990.19,4.182
500,gneE65,17.872,0.045,97.629,475.131,38286.887,3.021,0.487,14.366,12211.906,10.205
500,gneE65-n,69.624,0.175,251.877,4622.841,125593.892,23.938,2.38,52.908,40060.168,4.056
500,gneE66,16.336,0.041,93.715,400.935,35731.64,2.623,0.444,13.289,11396.877,10.63
500,gneE66-n,65.772,0.166,234.004,4235.893,119625.325,22.032,2.218,50.043,38156.35,4.396
750,gneE32,5.484,0.072,34.526,340.388,10029.251,1.78,0.181,4.16,3198.981,6.112
750,gneE33,3.908,0.071,13.91,164.322,11138.549,1.004,0.169,4.39,3552.711,9.977
750,gneE34,4.108,0.055,24.796,215.846,9618.037,1.204,0.16,3.883,3067.765,7.922
750,gneE35,5.916,0.078,34.314,372.469,10929.481,1.947,0.198,4.531,3486.124,6.054
750,gneE36,3.932,0.071,13.966,167.992,11260.021,1.023,0.175,4.466,3591.452,9.947
750,gneE37,4.04,0.054,25.535,214.326,9307.535,1.189,0.154,3.757,2968.731,7.717
750,gneE38,5.108,0.068,29.524,281.666,9213.282,1.493,0.158,3.761,2938.706,6.76
750,gneE39,3.728,0.067,13.887,158.434,10743.824,0.968,0.164,4.241,3426.81,9.993
750,gneE40,5.692,0.076,26.126,298.209,12718.166,1.649,0.21,5.129,4056.59,7.497
750,gneE41,4.444,0.059,26.534,208.109,8130.065,1.132,0.127,3.227,2593.188,7.548
750,gneE42,4.068,0.073,14.172,173.433,11455.853,1.053,0.176,4.533,3653.918,9.796
750,gneE44,3.812,0.051,23.682,186.133,8864.456,1.051,0.144,3.552,2827.4,8.268
750,gneE45,0.956,0.019,14.283,52.572,2293.472,0.292,0.039,0.933,731.525,9.638
750,gneE45-n,0.7,0.013,18.433,36.162,1795.455,0.206,0.03,0.724,572.675,10.119
750,gneE47,1.6,0.017,25.895,67.5,3435.328,0.385,0.051,1.348,1095.732,9.524
750,gneE47-n,1.236,0.014,25.552,52.124,2768.489,0.3,0.042,1.086,883.035,9.839
750,gneE48,0.708,0.008,23.594,25.578,1508.206,0.151,0.021,0.58,481.056,10.331
750,gneE48-n,1.016,0.011,23.962,39.255,2312.869,0.231,0.034,0.901,737.709,10.213
750,gneE49,0.336,0.007,12.777,17.664,830.432,0.1,0.014,0.337,264.873,10.594
750,gneE49-n,0.62,0.012,13.372,33.959,1634.124,0.192,0.028,0.664,521.217,10.223
750,gneE51,2.644,0.052,17.859,135.539,5744.247,0.749,0.095,2.313,1832.188,7.944
750,gneE52,2.64,0.052,17.542,105.461,4602.088,0.584,0.068,1.796,1467.891,8.137
750,gneE53,0.62,0.012,8.36,55.318,2745.563,0.317,0.057,1.175,875.707,16.624
750,gneE53-n,1.58,0.031,11.983,138.305,7046.52,0.798,0.147,3.022,2247.51,12.706
750,gneE54,0.932,0.01,14.914,65.961,4027.622,0.392,0.079,1.661,1284.622,16.711
750,gneE54-n,0.784,0.009,15.726,59.771,3398.193,0.35,0.068,1.41,1083.864,16.759
750,gneE55,1.132,0.012,16.56,79.114,4647.563,0.468,0.091,1.918,1482.356,15.767
750,gneE55-n,0.552,0.006,13.749,40.377,2568.405,0.243,0.05,1.06,819.199,17.725
750,gneE56,0.724,0.014,8.818,62.291,3225.759,0.36,0.067,1.381,1028.865,16.18
750,gneE56-n,0.544,0.011,7.977,47.159,2524.871,0.275,0.052,1.076,805.315,17.299
750,gneE57,2.524,0.05,18.106,119.966,4548.017,0.649,0.072,1.804,1450.65,8.013
750,gneE58,2.412,0.047,17.212,126.624,5455.255,0.702,0.092,2.21,1740.007,8.245
750,gneE59,2.08,0.041,16.145,79.005,3667.297,0.442,0.053,1.413,1169.728,8.72
750,gneE60,2.24,0.044,17.317,123.806,5056.053,0.68,0.087,2.059,1612.68,8.237
750,gneE61,1.04,0.02,15.34,51.695,2412.779,0.291,0.04,0.968,769.578,9.691
750,gneE62,2.56,0.05,21.227,121.475,4531.982,0.656,0.072,1.807,1445.535,7.937
750,gneE63,20.328,0.051,97.527,521.087,43116.878,3.339,0.535,16.087,13752.476,10.212
750,gneE63-n,96.24,0.242,358.8,7483.826,173444.324,38.086,3.544,74.893,55323.218,2.817
750,gneE64,19.504,0.049,97.713,506.054,41351.654,3.231,0.517,15.456,13189.443,10.193
750,gneE64-n,104.82,0.264,411.471,9841.485,214072.979,49.78,4.564,93.45,68282.65,2.677
750,gneE65,21.372,0.053,97.915,553,45277.578,3.534,0.564,16.92,14441.649,10.173
750,gneE65-n,101.472,0.255,378.899,7898.24,182092.238,40.169,3.733,78.671,58081.642,2.73
750,gneE66,16.904,0.042,99.5,442.261,35361.564,2.807,0.434,13.189,11278.869,10.011
750,gneE66-n,96.98,0.244,415.292,8293.483,180419.942,41.936,3.803,78.517,57548.419,2.552
1000,gneE32,4.788,0.064,29.199,268.814,8808.952,1.425,0.152,3.59,2809.739,6.939
1000,gneE33,4.328,0.077,13.786,187.172,12780.964,1.145,0.196,5.05,4076.567,10.056
1000,gneE34,4.1,0.054,24.668,217.728,9680.799,1.214,0.162,3.919,3087.782,7.928
1000,gneE35,3.68,0.049,23.58,152.789,6508.661,0.843,0.096,2.543,2076.018,8.329
1000,gneE36,4.128,0.074,14.047,179.111,11913.793,1.089,0.183,4.714,3799.979,9.892
1000,gneE37,4.04,0.054,24.462,206.802,9380.495,1.156,0.154,3.772,2991.999,7.979
1000,gneE38,5.124,0.068,30.292,278.539,9215.585,1.479,0.155,3.75,2939.441,6.685
1000,gneE39,4.228,0.077,14.185,175.475,11630.406,1.066,0.176,4.587,3709.595,9.78
1000,gneE40,5.344,0.071,25.626,279.378,12172.571,1.551,0.203,4.916,3882.562,7.681
1000,gneE41,4.468,0.059,26.349,193.672,8032.877,1.064,0.121,3.157,2562.186,7.793
1000,gneE42,4.76,0.085,14.521,201.695,12992.104,1.217,0.198,5.137,4143.919,9.579
1000,gneE44,4.068,0.054,24.596,199.072,9156.221,1.116,0.147,3.664,2920.467,7.899
1000,gneE45,1.104,0.022,14.575,64.418,2641.358,0.354,0.046,1.081,842.487,9.528
1000,gneE45-n,0.876,0.017,15.864,43.102,2074.087,0.244,0.033,0.83,661.549,9.791
1000,gneE47,1.88,0.02,25.729,80.13,4074.39,0.458,0.062,1.608,1299.565,9.494
1000,gneE47-n,1.448,0.016,34.538,54.186,3182.387,0.319,0.046,1.234,1015.05,9.938
1000,gneE48,1.332,0.015,28.052,49.011,3075.959,0.293,0.046,1.196,981.101,10.241
1000,gneE48-n,0.716,0.008,23.049,28.092,1711.536,0.167,0.026,0.667,545.908,10.522
1000,gneE49,0.88,0.017,15.556,45.474,2198.395,0.258,0.036,0.886,701.197,9.887
1000,gneE49-n,0.412,0.008,13.036,22.014,1031.903,0.124,0.017,0.418,329.134,10.462
1000,gneE51,3.3,0.065,18.635,179.55,7360.929,0.987,0.125,2.988,2347.845,7.584
1000,gneE52,3.212,0.063,18.259,139.016,5628.347,0.761,0.088,2.225,1795.23,7.736
1000,gneE53,0.628,0.012,8.007,51.985,2740.563,0.302,0.057,1.173,874.111,17.2
1000,gneE53-n,1.34,0.026,11.234,124.387,6118.287,0.712,0.127,2.625,1951.45,13.802
1000,gneE54,0.964,0.011,14.654,69.98,3969.17,0.41,0.079,1.645,1265.98,16.916
1000,gneE54-n,0.492,0.005,13.556,33.986,2201.09,0.205,0.044,0.906,702.043,17.974
1000,gneE55,1.476,0.016,16.945,97.111,5919.068,0.578,0.116,2.434,1887.905,15.389
1000,gneE55-n,0.976,0.011,14.718,78.641,4312.775,0.459,0.089,1.811,1375.573,16.905
1000,gneE56,1.036,0.02,12.565,91.965,4659.476,0.53,0.097,1.997,1486.155,14.963
1000,gneE56-n,0.488,0.01,7.896,42.431,2135.343,0.245,0.045,0.92,681.074,17.435
1000,gneE57,2.764,0.054,17.447,113.623,4746.563,0.624,0.071,1.849,1513.977,8.05
1000,gneE58,2.872,0.057,17.852,147.982,6334.952,0.819,0.107,2.564,2020.596,8.004
1000,gneE59,2.648,0.052,16.887,110.903,4729.054,0.612,0.072,1.852,1508.389,8.274
1000,gneE60,2.588,0.051,23.658,133.777,5898.513,0.745,0.098,2.379,1881.388,8.158
1000,gneE61,1.732,0.034,21.551,93.122,3662.537,0.508,0.06,1.479,1168.209,8.409
1000,gneE62,3.576,0.069,19.624,182.858,6549.618,0.982,0.107,2.633,2089.089,7.288
1000,gneE63,16.644,0.042,96.434,432.734,35840.085,2.77,0.453,13.407,11431.476,10.329
1000,gneE63-n,124.568,0.313,507.101,12216.427,256011.666,61.573,5.549,112.366,81659.972,2.379
1000,gneE64,20.308,0.051,100.558,562.01,42925.385,3.523,0.547,16.157,13691.405,9.913
1000,gneE64-n,137.028,0.344,696.039,15986.536,310822.556,80.041,7.048,138.217,99143.384,1.858
1000,gneE65,21.068,0.053,97.549,547.668,45207.908,3.508,0.567,16.908,14419.421,10.214
1000,gneE65-n,134.744,0.339,778.353,15215.489,293095.582,76.113,6.643,130.381,93489.081,1.72
1000,gneE66,19.392,0.048,100.244,523.43,40752.207,3.296,0.51,15.268,12998.257,9.94
1000,gneE66-n,132.26,0.332,577.803,14254.038,289081.9,71.637,6.414,127.756,92208.506,2.21
1250,gneE32,5.664,0.075,30.523,320.846,10136.98,1.692,0.177,4.148,3233.337,6.93
1250,gneE33,4.812,0.087,14.254,212.021,13816.134,1.283,0.216,5.49,4406.742,9.779
1250,gneE34,4.112,0.055,25.068,219.352,9611.527,1.219,0.161,3.887,3065.69,7.859
1250,gneE35,4.828,0.064,29.379,273.96,8925.583,1.451,0.153,3.641,2846.941,6.873
1250,gneE36,4.452,0.08,13.89,193.034,12985.419,1.177,0.202,5.148,4141.778,9.979
1250,gneE37,4.444,0.059,26.683,263.186,10350.214,1.436,0.18,4.232,3301.311,7.37
1250,gneE38,3.732,0.05,26.084,187.008,6818.445,1.007,0.11,2.733,2174.834,7.655
1250,gneE39,4.172,0.075,14.109,179.356,11842.087,1.089,0.183,4.693,3777.108,9.846
1250,gneE40,6.04,0.08,29.185,357.602,13534.554,1.94,0.235,5.539,4316.998,6.762
1250,gneE41,4.064,0.054,27.05,182.175,7238.802,0.993,0.111,2.859,2308.909,7.776
1250,gneE42,4.636,0.084,14.206,199.996,13045.246,1.21,0.203,5.181,4160.863,9.785
1250,gneE44,4.692,0.062,26.862,271.379,10655.754,1.481,0.185,4.358,3398.766,7.262
1250,gneE45,0.528,0.01,13.223,29.277,1362.964,0.165,0.023,0.551,434.73,10.314
1250,gneE45-n,0.3,0.006,12.84,16.893,712.094,0.093,0.012,0.288,227.13,10.635
1250,gneE47,0.696,0.008,23.276,28.176,1522.206,0.163,0.023,0.6,485.521,10.449
1250,gneE47-n,0.148,0.002,22.164,7.201,298.279,0.04,0.005,0.117,95.14,10.845
1250,gneE48,0.948,0.01,24.597,36.315,2080.918,0.212,0.03,0.805,663.727,10.304
1250,gneE48-n,0.952,0.01,23.507,38.454,2219.43,0.225,0.035,0.874,707.904,10.355
1250,gneE49,0.632,0.012,13.925,32.712,1639.643,0.187,0.029,0.669,522.976,10.281
1250,gneE49-n,0.592,0.012,13.185,30.266,1436.516,0.171,0.025,0.585,458.188,10.354
1250,gneE51,3.14,0.061,20.428,165.099,6903.609,0.91,0.115,2.788,2201.979,7.684
1250,gneE52,3.224,0.063,18.935,136.308,5730.851,0.75,0.086,2.244,1827.926,7.744
1250,gneE53,0.104,0.002,7.016,8.408,473.444,0.05,0.01,0.203,151.006,18.968
1250,gneE53-n,1.844,0.036,13.506,165.157,8228.49,0.948,0.171,3.531,2624.505,12.163
1250,gneE54,0.124,0.001,12.48,8.368,565.207,0.051,0.011,0.23,180.274,19.042
1250,gneE54-n,0.7,0.008,13.82,54.804,3499.027,0.331,0.071,1.454,1116.021,17.647
1250,gneE55,0.396,0.004,13.401,25.998,1629.128,0.157,0.032,0.673,519.615,18.149
1250,gneE55-n,0.528,0.006,13.403,40.196,2445.247,0.24,0.049,1.018,779.918,18.074
1250,gneE56,0.408,0.008,8.525,35.365,1772.994,0.203,0.036,0.755,565.503,17.483
1250,gneE56-n,0.38,0.008,7.566,34.695,1824.37,0.202,0.038,0.783,581.888,17.967
1250,gneE57,3.804,0.074,19.56,181.7,6725.101,0.98,0.109,2.69,2145.059,7.21
1250,gneE58,3.576,0.071,23.377,207.11,7937.781,1.126,0.138,3.24,2531.844,7.16
1250,gneE59,3.208,0.063,18.088,136.741,5658.239,0.751,0.086,2.222,1804.766,7.674
1250,gneE60,3.204,0.063,19.102,175.937,7237.115,0.967,0.123,2.931,2308.354,7.489
1250,gneE61,1.816,0.036,16.583,87.267,3923.107,0.488,0.064,1.572,1251.314,8.593
1250,gneE62,3.868,0.075,20.077,183.495,6854.037,0.991,0.109,2.728,2186.186,7.126
1250,gneE63,17.132,0.043,95.61,429.751,36932.171,2.784,0.458,13.757,11779.806,10.42
1250,gneE63-n,155.932,0.392,935.702,19488.12,358213.262,97.098,8.315,160.473,114260.107,1.42
1250,gneE64,17.528,0.044,98.875,460.385,36644.314,2.92,0.462,13.745,11688.001,10.074
1250,gneE64-n,167.828,0.422,1074.411,21640.302,389774.293,107.64,9.15,175.152,124327.371,1.239
1250,gneE65,20.632,0.052,97.052,535.076,44185.501,3.428,0.556,16.537,14093.313,10.267
1250,gneE65-n,163.024,0.41,1530.656,21538.438,380164.288,106.957,8.995,171.233,121262.241,1.125
1250,gneE66,17.068,0.043,100.518,461.409,35843.304,2.901,0.45,13.426,11432.521,9.916
1250,gneE66-n,165.256,0.415,767.482,20778.753,384539.027,103.596,8.933,172.277,122657.202,1.454
1500,gneE32,11.764,0.155,59.214,874.563,19782.357,4.44,0.41,8.572,6309.95,3.357
1500,gneE33,4.616,0.083,13.932,196.136,13259.354,1.197,0.202,5.232,4229.155,9.955
1500,gneE34,4.14,0.055,25.188,222.525,9624.04,1.235,0.162,3.896,3069.682,7.846
1500,gneE35,3.58,0.048,26.16,179.916,6475.951,0.967,0.105,2.596,2065.592,7.732
1500,gneE36,4.28,0.077,14.157,183.5,12171.032,1.115,0.187,4.818,3882.028,9.8
1500,gneE37,4.468,0.059,26.724,259.599,10372.953,1.42,0.176,4.218,3308.565,7.362
1500,gneE38,5.224,0.069,32.69,301.75,9365.9,1.588,0.163,3.839,2987.393,6.644
1500,gneE39,4.028,0.072,13.899,167.89,11377.734,1.026,0.174,4.49,3629,9.987
1500,gneE40,6.436,0.085,29.154,372.529,14357.773,2.027,0.248,5.867,4579.57,6.795
1500,gneE41,6.084,0.081,32.753,323.456,11160.148,1.728,0.188,4.524,3559.68,6.645
1500,gneE42,4.56,0.082,14.238,193.22,12794.191,1.173,0.196,5.06,4080.789,9.752
1500,gneE44,4.084,0.054,24.942,214.167,9447.547,1.192,0.159,3.826,3013.385,7.856
1500,gneE45,0.632,0.013,13.978,38.831,1497.415,0.212,0.027,0.62,477.615,10.142
1500,gneE45-n,0.092,0.002,12.079,4.105,205.336,0.023,0.003,0.082,65.494,10.947
1500,gneE47,1.384,0.015,25.226,59.751,3021.763,0.341,0.047,1.196,963.819,9.768
1500,gneE47-n,0.488,0.005,22.426,18.615,1079.488,0.11,0.016,0.426,344.311,10.628
1500,gneE48,0.656,0.007,23.075,25.839,1502.953,0.152,0.022,0.584,479.38,10.494
1500,gneE48-n,1.32,0.014,24.399,56.729,3054.613,0.328,0.047,1.208,974.295,9.955
1500,gneE49,0.392,0.008,12.747,20.52,990.933,0.116,0.017,0.401,316.066,10.577
1500,gneE49-n,1.04,0.02,13.985,53.517,2494.224,0.301,0.042,1.009,795.555,9.77
1500,gneE51,3.32,0.065,20.117,184.441,7326.293,1.008,0.124,2.973,2336.801,7.47
1500,gneE52,3.408,0.066,20.055,156.3,6055.079,0.85,0.096,2.411,1931.345,7.43
1500,gneE53,0.584,0.012,7.919,48.442,2544.633,0.281,0.052,1.086,811.619,17.395
1500,gneE53-n,1.624,0.031,11.913,144.308,7366.923,0.833,0.154,3.165,2349.703,13.138
1500,gneE54,0.684,0.007,13.57,49.813,2901.19,0.294,0.057,1.206,925.343,17.866
1500,gneE54-n,0.736,0.008,14.514,50.398,2926.369,0.298,0.057,1.209,933.375,17.023
1500,gneE55,0.852,0.009,14.913,56.609,3754.453,0.345,0.073,1.544,1197.491,17.097
1500,gneE55-n,0.46,0.005,13.486,35.367,2078.215,0.21,0.042,0.867,662.853,18.031
1500,gneE56,0.568,0.011,8.15,48.397,2633.231,0.283,0.055,1.125,839.876,17.05
1500,gneE56-n,0.36,0.007,7.758,35.569,1671.802,0.202,0.036,0.721,533.228,17.731
1500,gneE57,3.756,0.073,19.105,181.587,6604.853,0.977,0.108,2.648,2106.705,7.256
1500,gneE58,3.736,0.073,20.706,222.542,8277.465,1.204,0.146,3.397,2640.191,7.002
1500,gneE59,2.58,0.05,16.891,95.928,4523.521,0.539,0.065,1.749,1442.829,8.313
1500,gneE60,2.724,0.054,19.717,147.497,5965.79,0.809,0.101,2.422,1902.852,7.615
1500,gneE61,1.208,0.024,15.619,60.563,2718.07,0.338,0.045,1.092,866.955,9.233
1500,gneE62,2.752,0.054,17.808,137.5,4975.653,0.739,0.082,2.004,1587.049,7.968
1500,gneE63,15.296,0.038,93.28,364.428,33351.476,2.4,0.406,12.332,10637.712,10.681
1500,gneE63-n,155.14,0.39,1207.84,20502.121,364664.126,101.876,8.61,164.154,116318.021,1.159
1500,gneE64,18.5,0.046,100.379,495.785,38502.457,3.121,0.483,14.433,12280.68,9.925
1500,gneE64-n,173.544,0.436,1016.356,23127.133,412523.719,114.954,9.759,185.835,131583.877,1.143
1500,gneE65,21.592,0.054,98.689,575.322,45856.315,3.65,0.58,17.203,14626.241,10.096
1500,gneE65-n,174.352,0.438,1152.366,22288.662,404106.488,110.924,9.427,181.265,128898.92,1.322
1500,gneE66,16.712,0.042,98.333,436.317,35364.349,2.778,0.439,13.202,11279.749,10.129
1500,gneE66-n,163.532,0.411,1063.421,22440.296,394282.34,111.401,9.379,177.86,125765.533,1.046
1750,gneE32,14.28,0.188,69.356,1090.158,23380.025,5.505,0.495,10.213,7457.516,2.851
1750,gneE33,4.8,0.086,14.213,206.938,13613.948,1.255,0.21,5.393,4342.255,9.755
1750,gneE34,4.24,0.057,25.586,234.806,9910.243,1.297,0.166,4.009,3160.974,7.689
1750,gneE35,4.312,0.057,27.128,209.013,7821.351,1.13,0.125,3.13,2494.721,7.538
1750,gneE36,4.412,0.08,14.168,184.581,12178.6,1.12,0.187,4.816,3884.443,9.798
1750,gneE37,3.908,0.052,24.422,195.537,9008.311,1.097,0.147,3.622,2873.286,7.999
1750,gneE38,5.176,0.069,30.265,281.104,9015.531,1.486,0.155,3.684,2875.634,7.081
1750,gneE39,4.4,0.079,14.494,190.751,12167.18,1.148,0.189,4.832,3880.802,9.604
1750,gneE40,5.416,0.072,28.797,320.961,12395.025,1.745,0.213,5.058,3953.531,6.962
1750,gneE41,4.084,0.054,28.382,220.001,7608.145,1.175,0.128,3.088,2426.72,7.598
1750,gneE42,4.7,0.085,14.235,202.763,13164.062,1.226,0.205,5.228,4198.761,9.766
1750,gneE44,4.424,0.059,26.654,252.577,10180.427,1.384,0.173,4.136,3247.156,7.413
1750,gneE45,0.66,0.013,13.668,34.32,1554.275,0.192,0.025,0.622,495.752,10.057
1750,gneE45-n,0.668,0.013,13.511,33.97,1569.707,0.191,0.026,0.635,500.672,10.174
1750,gneE47,1.016,0.011,24.014,39.864,2174.013,0.231,0.031,0.845,693.422,10.131
1750,gneE47-n,0.76,0.009,24.469,30.042,1540.024,0.171,0.021,0.59,491.208,10.273
1750,gneE48,0.728,0.008,23.244,24.735,1559.168,0.148,0.021,0.595,497.311,10.457
1750,gneE48-n,1.172,0.013,24.058,50.973,2566.466,0.291,0.04,1.014,818.598,10.148
1750,gneE49,0.556,0.011,13.343,27.812,1317.349,0.157,0.022,0.536,420.179,10.289
1750,gneE49-n,0.536,0.011,13.363,34.92,1375.194,0.19,0.025,0.566,438.632,10.248
1750,gneE51,3.428,0.067,22.049,198.328,7418.066,1.074,0.129,3.035,2366.077,6.957
1750,gneE52,3.16,0.062,18.827,144.583,5518.955,0.784,0.086,2.183,1760.344,7.626
1750,gneE53,0.136,0.003,7.135,11.805,630.181,0.069,0.013,0.269,200.998,18.763
1750,gneE53-n,1.716,0.033,15.845,153.073,7659.872,0.88,0.159,3.28,2443.143,12.668
1750,gneE54,0.316,0.003,13.238,18.526,1061.162,0.108,0.02,0.436,338.462,18.354
1750,gneE54-n,1.032,0.011,14.708,78.155,4482.683,0.459,0.09,1.861,1429.766,16.774
1750,gneE55,0.692,0.008,14.947,43.063,2562.631,0.255,0.05,1.052,817.36,17.033
1750,gneE55-n,0.456,0.005,13.283,30.597,1977.857,0.185,0.039,0.816,630.842,18.184
1750,gneE56,0.46,0.009,9.094,38.931,2066.131,0.227,0.043,0.885,658.998,17.235
1750,gneE56-n,0.356,0.007,7.592,32.99,1641.275,0.189,0.035,0.707,523.49,18.016
1750,gneE57,3.856,0.076,22.208,198.932,6897.316,1.063,0.115,2.791,2199.992,6.739
1750,gneE58,3.924,0.077,26.463,249.188,8401.299,1.328,0.15,3.467,2679.701,6.484
1750,gneE59,2.94,0.058,19.283,130.444,5274.378,0.714,0.082,2.088,1682.328,7.813
1750,gneE60,2.836,0.056,22.501,141.226,6269.16,0.787,0.104,2.527,1999.609,7.953
1750,gneE61,2.016,0.04,16.342,95.714,4367.335,0.535,0.07,1.739,1393.006,8.679
1750,gneE62,4.484,0.087,21.476,236.73,8035.087,1.261,0.136,3.259,2562.901,6.739
1750,gneE63,18.212,0.046,96.19,463.538,39156.632,2.988,0.49,14.622,12489.314,10.361
1750,gneE63-n,154.98,0.389,1015.056,20666.723,367600.736,102.694,8.678,165.419,117254.726,1.161
1750,gneE64,15.472,0.039,97.041,393.349,32941.191,2.527,0.404,12.252,10506.862,10.267
1750,gneE64-n,170.372,0.428,2087.54,23881.573,414547.1,118.441,9.924,187.374,132229.565,0.93
1750,gneE65,23,0.058,98.674,600.41,48345.584,3.819,0.602,18.077,15420.22,10.096
1750,gneE65-n,175.104,0.44,2068.418,24511.745,425713.899,121.572,10.196,192.47,135791.463,0.922
1750,gneE66,16.424,0.041,99.306,440.686,34638.881,2.783,0.436,12.985,11048.356,10.036
1750,gneE66-n,160.46,0.403,1009.597,21361.836,383293.197,106.223,9.008,172.205,122260.126,1.258
2000,gneE32,19.632,0.257,93.902,1582.724,32163.477,7.953,0.704,14.233,10259.193,2.043
2000,gneE33,4.396,0.08,14.411,181.684,12092.554,1.105,0.184,4.769,3856.999,9.659
2000,gneE34,4.068,0.054,24.655,219.903,9897.395,1.229,0.164,3.994,3156.868,7.972
2000,gneE35,5.612,0.074,33.185,338.644,10071.937,1.773,0.181,4.165,3212.597,6.45
2000,gneE36,4.456,0.08,14.308,192.172,12514.042,1.162,0.193,4.956,3991.435,9.69
2000,gneE37,3.956,0.053,23.823,197.977,9369.46,1.116,0.153,3.762,2988.475,8.221
2000,gneE38,6.768,0.09,40.305,483.205,12475.81,2.487,0.239,5.264,3979.371,5.29
2000,gneE39,4.004,0.072,14.117,166.182,11110.684,1.012,0.168,4.38,3543.825,9.832
2000,gneE40,4.516,0.06,24.183,218.03,10318.104,1.23,0.165,4.124,3291.057,8.058
2000,gneE41,4.256,0.057,26.73,191.854,7876.761,1.053,0.122,3.126,2512.388,7.621
2000,gneE42,4.184,0.075,14.1,178.746,11935.905,1.087,0.182,4.711,3807.034,9.836
2000,gneE44,3.728,0.049,23.841,188.675,8906.459,1.064,0.147,3.582,2840.795,8.238
2000,gneE45,0.62,0.013,13.598,32.06,1488.86,0.18,0.025,0.603,474.885,10.126
2000,gneE45-n,0.36,0.007,13.118,18.909,823.876,0.105,0.014,0.335,262.783,10.448
2000,gneE47,0.9,0.01,23.962,38.652,2084.739,0.224,0.033,0.826,664.945,10.2
2000,gneE47-n,0.544,0.006,22.861,19.689,1190.83,0.117,0.017,0.46,379.826,10.532
2000,gneE48,0.524,0.006,23.256,20.456,1145.649,0.119,0.015,0.439,365.417,10.436
2000,gneE48-n,1.824,0.02,25.289,81.342,4167.64,0.466,0.065,1.649,1329.307,9.671
2000,gneE49,0.292,0.006,12.789,14.964,679.7,0.084,0.011,0.274,216.797,10.564
2000,gneE49-n,1.18,0.024,14.754,68.764,2916.456,0.38,0.051,1.195,930.231,9.54
2000,gneE51,2.744,0.054,18.569,143.411,5948.875,0.79,0.1,2.404,1897.457,7.769
2000,gneE52,2.616,0.051,17.057,101.938,4688.661,0.57,0.067,1.812,1495.505,8.242
2000,gneE53,0.316,0.007,7.685,29.398,1466.751,0.169,0.031,0.632,467.825,17.889
2000,gneE53-n,2.132,0.042,20.914,190.258,9493.64,1.093,0.198,4.077,3028.029,11.566
2000,gneE54,0.524,0.006,14.258,41.157,2231.966,0.24,0.045,0.932,711.894,17.409
2000,gneE54-n,1.172,0.013,16.392,80.519,4938.511,0.48,0.097,2.031,1575.153,15.83
2000,gneE55,0.752,0.008,14.64,53.264,3374.921,0.321,0.067,1.394,1076.439,16.964
2000,gneE55-n,0.564,0.006,13.921,37.872,2260.87,0.225,0.044,0.936,721.112,17.562
2000,gneE56,0.632,0.012,8.451,52.323,2807.822,0.305,0.058,1.195,895.563,16.555
2000,gneE56-n,0.388,0.008,7.72,31.669,1706.927,0.185,0.035,0.726,544.429,17.708
2000,gneE57,3.412,0.067,20.843,169.119,5961.814,0.906,0.097,2.395,1901.602,7.254
2000,gneE58,3.768,0.074,24.802,260.313,8153.034,1.374,0.152,3.407,2600.518,6.385
2000,gneE59,2.88,0.056,18.165,122.07,5008.08,0.669,0.075,1.967,1597.391,7.822
2000,gneE60,2.944,0.058,23.705,151.636,6130.678,0.831,0.104,2.485,1955.446,7.428
2000,gneE61,1.624,0.032,20.732,77.143,3579.077,0.434,0.059,1.437,1141.58,8.857
2000,gneE62,3.124,0.061,19.537,146.177,5340.858,0.787,0.086,2.133,1703.538,7.51
2000,gneE63,17.748,0.044,99.598,466.549,36980.229,2.954,0.459,13.824,11795.153,10
2000,gneE63-n,150.896,0.379,1350.857,19892.738,354889.848,98.867,8.341,159.435,113200.302,1.24
2000,gneE64,18.492,0.046,98.604,491.422,39218.155,3.116,0.497,14.711,12508.945,10.111
2000,gneE64-n,174.904,0.439,1050.458,22993.321,408724.175,114.249,9.645,183.943,130372.005,1.164
2000,gneE65,23.308,0.058,98.44,617.529,49752.036,3.925,0.62,18.594,15868.819,10.118
2000,gneE65-n,170.772,0.429,3210.554,25082.873,420692.693,124.064,10.248,191.177,134190.193,0.584
2000,gneE66,16.892,0.042,100.517,453.231,35361.963,2.858,0.438,13.228,11278.998,9.916
2000,gneE66-n,154.016,0.387,899.778,20341.926,361753.78,101.074,8.524,162.672,115389.726,1.156
2250,gneE32,20.364,0.266,102.002,1699.667,33550.076,8.518,0.742,14.885,10701.5,1.886
2250,gneE33,4.896,0.09,14.841,212.671,13429.867,1.277,0.211,5.339,4283.543,9.449
2250,gneE34,4.528,0.06,27.199,262.005,10378.583,1.432,0.177,4.226,3310.362,7.246
2250,gneE35,4.264,0.057,27.904,228.613,7854.196,1.22,0.131,3.181,2505.203,7.192
2250,gneE36,4.316,0.077,14.074,189.73,12538.773,1.152,0.195,4.977,3999.319,9.862
2250,gneE37,3.916,0.052,24.523,205.823,9272.076,1.15,0.153,3.737,2957.417,7.961
2250,gneE38,3.952,0.052,28.754,212.545,7189.272,1.132,0.122,2.923,2293.117,7.339
2250,gneE39,3.904,0.07,14.053,166.993,11196.315,1.017,0.172,4.424,3571.135,9.897
2250,gneE40,5.48,0.073,27.92,319.919,12528.113,1.745,0.215,5.11,3995.978,7.025
2250,gneE41,4.192,0.056,25.485,188.04,7750.865,1.032,0.119,3.058,2472.234,7.881
2250,gneE42,4.612,0.083,13.947,195.554,13306.13,1.196,0.202,5.241,4244.075,9.938
2250,gneE44,4.16,0.055,24.673,221.547,9879.963,1.236,0.163,3.978,3151.311,7.891
2250,gneE45,0.452,0.009,12.988,24.527,1162.339,0.139,0.02,0.472,370.738,10.456
2250,gneE45-n,0.116,0.002,12.05,5.924,311.377,0.034,0.006,0.128,99.316,10.995
2250,gneE47,0.784,0.008,23.914,33.05,1766.621,0.191,0.027,0.693,563.48,10.251
2250,gneE47-n,0.304,0.003,22.279,11.343,627.441,0.066,0.009,0.242,200.128,10.806
2250,gneE48,1.184,0.013,26.058,45.053,2664.096,0.265,0.039,1.033,849.736,10.11
2250,gneE48-n,0.88,0.009,22.868,32.51,1994.098,0.193,0.029,0.776,636.034,10.492
2250,gneE49,0.688,0.013,15.335,38.715,1762.771,0.217,0.03,0.715,562.251,10.109
2250,gneE49-n,0.672,0.014,13.42,35.752,1660.277,0.201,0.028,0.672,529.56,10.185
2250,gneE51,3.156,0.062,18.229,165.74,6970.175,0.914,0.116,2.807,2223.211,7.765
2250,gneE52,3.088,0.06,17.446,116.934,5340.35,0.653,0.077,2.071,1703.368,8.042
2250,gneE53,0.12,0.002,7.131,12.667,613.52,0.072,0.013,0.266,195.684,18.811
2250,gneE53-n,1.336,0.026,11.032,118.456,5908.527,0.68,0.123,2.534,1884.545,13.768
2250,gneE54,0.148,0.002,12.63,11.807,704.536,0.07,0.014,0.295,224.713,18.945
2250,gneE54-n,0.548,0.006,13.681,42.879,2718.056,0.258,0.054,1.127,866.93,17.915
2250,gneE55,0.504,0.005,14.183,38.379,2263.959,0.228,0.046,0.948,722.095,17.682
2250,gneE55-n,0.696,0.008,14.05,53.215,3183.32,0.317,0.065,1.334,1015.327,17.441
2250,gneE56,0.316,0.006,7.767,28.289,1545.934,0.165,0.032,0.659,493.079,17.975
2250,gneE56-n,0.504,0.01,7.893,45.647,2356.247,0.264,0.049,1.012,751.532,17.367
2250,gneE57,4.104,0.08,21.618,222.682,7388.956,1.182,0.124,2.99,2356.813,6.788
2250,gneE58,5.64,0.111,29.327,447.68,12297.135,2.323,0.244,5.237,3922.352,4.912
2250,gneE59,2.964,0.058,26.874,129.98,5273.255,0.711,0.081,2.079,1681.971,7.829
2250,gneE60,2.84,0.056,19.439,145.98,6412.781,0.811,0.107,2.583,2045.42,7.769
2250,gneE61,1.816,0.036,19.19,92.257,4042.346,0.513,0.068,1.636,1289.345,8.722
2250,gneE62,3.408,0.066,18.446,150.336,5835.91,0.816,0.09,2.303,1861.44,7.667
2250,gneE63,16.264,0.041,98.657,428.996,34415.927,2.728,0.434,12.904,10977.237,10.098
2250,gneE63-n,153.184,0.385,1233.464,20663.272,359695.983,102.491,8.558,162.2,114733.535,0.981
2250,gneE64,17.848,0.045,100.464,477.668,37083.573,3.007,0.464,13.891,11828.117,9.915
2250,gneE64-n,174.072,0.437,1439.249,24120.225,418469.122,119.614,9.991,188.899,133480.63,0.972
2250,gneE65,20.632,0.052,96.38,527.676,44264.951,3.392,0.554,16.528,14118.655,10.334
2250,gneE65-n,166.868,0.419,1789.413,22215.628,391262.622,110.298,9.26,176.212,124802.343,1.109
2250,gneE66,16.124,0.04,97.482,418.112,34435.905,2.675,0.43,12.865,10983.608,10.218
2250,gneE66-n,159.052,0.4,1098.136,21387.433,377901.276,106.209,8.918,169.955,120540.42,1.157
2500,gneE32,20.436,0.266,100.138,1758.756,35233.281,8.827,0.778,15.627,11238.377,1.916
2500,gneE33,10.836,0.2,34.375,727.536,21392.585,3.808,0.412,9.061,6823.459,4.302
2500,gneE34,3.828,0.051,23.579,190.249,9164.601,1.076,0.149,3.672,2923.132,8.312
2500,gneE35,5.108,0.068,27.924,246.69,8692.96,1.321,0.142,3.489,2772.739,7.239
2500,gneE36,4.24,0.077,14.04,184.093,12326.095,1.121,0.191,4.885,3931.484,9.882
2500,gneE37,4.228,0.057,25.666,229.857,9768.323,1.271,0.164,3.953,3115.705,7.652
2500,gneE38,6.54,0.086,35.68,403.789,11758.188,2.108,0.211,4.867,3750.457,5.87
2500,gneE39,4.308,0.077,14.379,181.188,11924.008,1.098,0.178,4.688,3803.244,9.65
2500,gneE40,5.748,0.076,27.239,303.055,12702.294,1.672,0.21,5.13,4051.531,7.246
2500,gneE41,4.104,0.055,25.876,189.597,7450.23,1.033,0.118,2.969,2376.343,7.882
2500,gneE42,4.368,0.079,14.085,188.474,12497.6,1.145,0.193,4.955,3986.187,9.844
2500,gneE44,3.856,0.051,23.59,183.768,8925.591,1.042,0.144,3.572,2846.898,8.26
2500,gneE45,0.384,0.008,13.155,21.07,895.193,0.117,0.016,0.368,285.53,10.398
2500,gneE45-n,0.428,0.008,13.123,22.884,999.696,0.127,0.016,0.402,318.863,10.404
2500,gneE47,0.756,0.008,23.655,29.144,1675.33,0.171,0.025,0.656,534.36,10.291
2500,gneE47-n,0.672,0.007,23.439,25.17,1513.253,0.149,0.021,0.585,482.665,10.425
2500,gneE48,0.968,0.011,25.367,39.726,2068.735,0.228,0.03,0.805,659.844,9.96
2500,gneE48-n,1.036,0.011,23.588,42.117,2334.366,0.245,0.036,0.92,744.566,10.25
2500,gneE49,0.688,0.013,13.895,37.154,1705.108,0.209,0.029,0.69,543.86,9.983
2500,gneE49-n,0.56,0.011,13.214,29.048,1342.479,0.163,0.023,0.55,428.195,10.314
2500,gneE51,3.112,0.061,18.911,176.557,6664.756,0.958,0.117,2.728,2125.799,7.549
2500,gneE52,2.86,0.056,17.721,123.656,5090.4,0.678,0.078,2.003,1623.646,7.997
2500,gneE53,0.516,0.01,7.975,44.767,2268.487,0.258,0.047,0.969,723.542,17.256
2500,gneE53-n,1.724,0.034,14.946,157.469,7663.037,0.899,0.16,3.289,2444.154,12.429
2500,gneE54,0.628,0.007,13.777,44.676,2764.286,0.268,0.054,1.144,881.677,17.715
2500,gneE54-n,0.832,0.009,14.676,54.271,3301.114,0.323,0.064,1.353,1052.901,16.947
2500,gneE55,0.5,0.005,14.009,36.676,2124.393,0.216,0.042,0.879,677.582,17.682
2500,gneE55-n,0.712,0.008,14.056,50.522,3206.392,0.303,0.063,1.323,1022.687,17.423
2500,gneE56,0.344,0.007,7.647,33.876,1865.25,0.199,0.039,0.801,594.925,17.931
2500,gneE56-n,0.556,0.011,8.122,50.888,2672.04,0.295,0.056,1.146,852.254,17
2500,gneE57,2.936,0.057,18.766,138.034,5267.892,0.748,0.082,2.086,1680.264,7.691
2500,gneE58,4.468,0.087,26.628,325.358,9373.969,1.698,0.179,3.948,2989.963,5.922
2500,gneE59,2.812,0.055,18.628,119.882,4915.21,0.657,0.074,1.93,1567.769,7.748
2500,gneE60,2.74,0.054,20.569,135.438,5838.923,0.75,0.096,2.346,1862.385,7.78
2500,gneE61,1.708,0.034,18.579,82.652,3686.428,0.461,0.06,1.479,1175.823,8.677
2500,gneE62,3.292,0.064,18.299,151.08,5743.485,0.819,0.093,2.299,1831.957,7.652
2500,gneE63,16.756,0.042,96.092,422.917,35893.091,2.727,0.443,13.355,11448.389,10.381
2500,gneE63-n,129.736,0.326,1408.511,16737.422,290927.182,83.005,6.9,131.168,92798.132,0.934
2500,gneE64,16.496,0.041,98.409,434.986,35086.351,2.765,0.439,13.119,11191.077,10.124
2500,gneE64-n,148.104,0.372,2295.913,21089.795,355762.343,104.358,8.635,161.501,113479.03,0.668
2500,gneE65,19.584,0.049,99.741,528.928,41445.12,3.34,0.522,15.555,13219.261,9.986
2500,gneE65-n,157.084,0.395,1390.565,21355.442,370621.774,105.897,8.815,167.147,118218.615,0.986
2500,gneE66,18.024,0.045,99.352,472.368,37608.535,2.995,0.462,14.03,11995.56,10.031
2500,gneE66-n,143.076,0.36,1032.623,19440.731,340905.103,96.478,8.044,153.309,108739.724,1.087
2750,gneE32,20.34,0.265,97.717,1686.202,34265.132,8.474,0.753,15.18,10929.555,1.96
2750,gneE33,12.364,0.228,40.715,830.852,23095.585,4.318,0.454,9.856,7366.671,3.529
2750,gneE34,3.76,0.05,23.336,179.687,8962.361,1.023,0.144,3.583,2858.623,8.392
2750,gneE35,5.876,0.078,35.519,379.024,10721.838,1.972,0.195,4.455,3419.9,6.035
2750,gneE36,4.176,0.075,13.937,178.358,11954.389,1.087,0.185,4.736,3812.926,9.945
2750,gneE37,4.172,0.056,25.335,222.163,9711.799,1.235,0.161,3.919,3097.675,7.722
2750,gneE38,6.396,0.084,38.336,430.563,11453.361,2.224,0.217,4.812,3653.239,5.671
2750,gneE39,3.932,0.071,13.86,167.927,11335.975,1.024,0.174,4.481,3615.679,10.021
2750,gneE40,7.876,0.104,34.132,499.555,17073.947,2.668,0.308,7.07,5445.944,6.039
2750,gneE41,5.88,0.078,26.582,268.056,10825.906,1.466,0.168,4.278,3453.058,7.598
2750,gneE42,4.272,0.077,13.908,179.218,12079.468,1.093,0.186,4.779,3852.821,9.973
2750,gneE44,3.824,0.051,22.963,178.836,9080.209,1.022,0.145,3.618,2896.212,8.48
2750,gneE45,0.416,0.008,13.032,24.066,1065.959,0.134,0.018,0.435,339.997,10.436
2750,gneE45-n,0.532,0.01,13.256,27.576,1309.457,0.156,0.023,0.533,417.662,10.318
2750,gneE47,0.556,0.006,22.65,22.715,1330.613,0.134,0.021,0.525,424.409,10.626
2750,gneE47-n,0.788,0.009,23.687,29.404,1633.7,0.171,0.024,0.636,521.084,10.259
2750,gneE48,1.008,0.011,24.633,35.771,2231.398,0.213,0.032,0.861,711.723,10.28
2750,gneE48-n,1.04,0.011,22.886,39.966,2463.547,0.237,0.036,0.957,785.768,10.519
2750,gneE49,0.58,0.011,15.216,27.864,1404.673,0.159,0.023,0.565,448.032,10.324
2750,gneE49-n,0.776,0.015,13.548,42.519,1927.801,0.238,0.033,0.783,614.889,10.09
2750,gneE51,2.664,0.052,17.601,138.308,5955.688,0.767,0.101,2.415,1899.625,8.148
2750,gneE52,2.924,0.057,18.645,136.867,5319.981,0.744,0.084,2.11,1696.876,7.782
2750,gneE53,0.256,0.005,7.401,23.395,1239.821,0.136,0.026,0.531,395.444,18.27
2750,gneE53-n,1.18,0.023,11.69,112.634,5126.581,0.635,0.107,2.205,1635.146,14.778
2750,gneE54,0.448,0.005,13.748,31.939,1786.158,0.187,0.035,0.737,569.702,17.785
2750,gneE54-n,0.688,0.007,13.771,53.552,3200.297,0.318,0.064,1.331,1020.743,17.801
2750,gneE55,0.32,0.004,13.173,25.312,1521.787,0.151,0.031,0.638,485.377,18.369
2750,gneE55-n,0.588,0.006,13.794,43.689,2609.083,0.259,0.052,1.082,832.174,17.669
2750,gneE56,0.232,0.005,7.377,21.798,1117.499,0.126,0.024,0.481,356.429,18.346
2750,gneE56-n,0.416,0.008,7.749,39.547,2071.131,0.23,0.044,0.89,660.593,17.668
2750,gneE57,2.932,0.057,17.335,123.163,5137.885,0.677,0.077,2.01,1638.793,8.014
2750,gneE58,2.972,0.058,18.114,156.189,6543.995,0.862,0.109,2.641,2087.276,7.777
2750,gneE59,2.776,0.055,17.697,119.134,4835.351,0.651,0.072,1.885,1542.299,8.066
2750,gneE60,2.772,0.054,17.292,141.564,6078.508,0.784,0.101,2.449,1938.802,8.146
2750,gneE61,1.168,0.023,18.244,62.037,2762.412,0.345,0.046,1.108,881.099,9.591
2750,gneE62,1.852,0.036,17.645,84.382,3270.475,0.459,0.051,1.294,1043.161,8.599
2750,gneE63,18.316,0.046,97.099,475.058,39234.439,3.042,0.492,14.671,12514.135,10.258
2750,gneE63-n,130.448,0.328,564.697,13378.991,257293.853,66.883,5.689,113.487,82069.535,1.809
2750,gneE64,17.268,0.043,98.406,449.89,36240.051,2.861,0.453,13.56,11559.059,10.122
2750,gneE64-n,124.892,0.314,784.002,13902.973,255255.996,69.238,5.826,113.762,81419.71,1.388
2750,gneE65,20.68,0.052,98.144,538.158,43756.823,3.434,0.55,16.388,13956.588,10.151
2750,gneE65-n,147.964,0.372,1196.815,19760.852,346080.828,98.058,8.194,155.819,110390.627,1.042
2750,gneE66,18.712,0.047,97.148,480.363,39582.87,3.073,0.494,14.786,12625.274,10.26
2750,gneE66-n,132.32,0.333,768.81,16694.771,298880.348,82.974,6.922,133.609,95334.859,1.31
3000,gneE32,20.48,0.266,100.784,1728.951,34472.952,8.673,0.76,15.282,10995.862,1.901
3000,gneE33,15.7,0.285,60.235,1156.585,26061.582,5.869,0.541,11.323,8312.825,2.344
3000,gneE34,4.5,0.062,28.172,278.164,10426.775,1.507,0.181,4.263,3325.739,7.049
3000,gneE35,6.9,0.091,33.241,405.585,12108.34,2.124,0.216,5.006,3862.138,6.051
3000,gneE36,4.6,0.083,14.355,196.826,12835.567,1.191,0.196,5.076,4093.988,9.653
3000,gneE37,4.016,0.054,25.395,207.914,9259.911,1.159,0.154,3.737,2953.538,7.789
3000,gneE38,2.284,0.03,23.935,101.679,4148.427,0.557,0.064,1.631,1323.193,8.739
3000,gneE39,3.492,0.063,13.846,153.313,10234.373,0.933,0.16,4.068,3264.314,10.021
3000,gneE40,14.084,0.185,67.297,1119.535,26688.695,5.717,0.555,11.579,8512.814,3.048
3000,gneE41,4.208,0.056,37.592,192.206,7650.953,1.049,0.117,3.012,2440.371,7.804
3000,gneE42,3.652,0.066,13.9,154.027,10385.199,0.94,0.158,4.097,3312.425,9.999
3000,gneE44,3.884,0.052,23.866,189.447,9080.287,1.07,0.144,3.618,2896.244,8.189
3000,gneE45,0.624,0.012,13.428,32.705,1549.56,0.185,0.026,0.627,494.246,10.289
3000,gneE45-n,0.288,0.006,12.571,15.727,796.257,0.09,0.013,0.322,253.972,10.705
3000,gneE47,1.116,0.012,24.458,52.432,2519.576,0.296,0.039,0.997,803.644,10.08
3000,gneE47-n,0.58,0.006,22.682,19.866,1231.341,0.118,0.017,0.471,392.747,10.634
3000,gneE48,0.52,0.006,22.629,20.807,1197.673,0.122,0.018,0.467,382.008,10.682
3000,gneE48-n,0.884,0.01,23.462,36.789,2048.449,0.214,0.031,0.805,653.37,10.295
3000,gneE49,0.332,0.006,12.739,14.907,783.482,0.086,0.012,0.312,249.898,10.609
3000,gneE49-n,0.568,0.011,13.258,29.506,1436.452,0.168,0.024,0.584,458.168,10.286
3000,gneE51,1.956,0.038,16.887,107.464,4215.11,0.586,0.072,1.713,1344.456,8.539
3000,gneE52,1.86,0.036,15.932,74.376,3300.188,0.413,0.048,1.285,1052.635,8.825
3000,gneE53,0.328,0.006,7.571,30.428,1599.941,0.177,0.033,0.685,510.306,18.009
3000,gneE53-n,1.172,0.023,12.943,110.562,5571.807,0.636,0.117,2.391,1777.145,14.129
3000,gneE54,0.416,0.005,13.355,30.203,1869.268,0.181,0.037,0.773,596.208,18.159
3000,gneE54-n,0.668,0.007,14.765,46.381,2898.178,0.278,0.057,1.192,924.382,17.185
3000,gneE55,0.924,0.01,15,66.379,3863.36,0.391,0.076,1.598,1232.231,16.727
3000,gneE55-n,0.368,0.004,13.192,28.409,1755.561,0.171,0.036,0.733,559.94,18.334
3000,gneE56,0.676,0.013,10.37,59.33,3086.286,0.343,0.064,1.315,984.381,16.347
3000,gneE56-n,0.264,0.005,7.468,23.981,1221.296,0.139,0.026,0.527,389.536,18.194
3000,gneE57,3.288,0.064,21.036,184.708,5830.732,0.974,0.101,2.377,1859.798,7.167
3000,gneE58,5.556,0.108,37.964,529.888,12082.418,2.693,0.255,5.24,3853.905,5.098
3000,gneE59,3.16,0.061,18.028,133.568,5526.779,0.733,0.085,2.179,1762.834,7.77
3000,gneE60,3.244,0.063,19.241,178.438,6960.957,0.973,0.119,2.834,2220.274,7.472
3000,gneE61,1.056,0.021,16.045,54.761,2372.944,0.304,0.04,0.959,756.874,9.466
3000,gneE62,2.084,0.041,18.069,83.659,3568.359,0.462,0.053,1.393,1138.172,8.527
3000,gneE63,17.004,0.042,96.789,424.976,36022.056,2.742,0.44,13.393,11489.527,10.295
3000,gneE63-n,141.008,0.354,683.953,16703.91,309354.161,83.259,7.052,137.726,98675.475,1.604
3000,gneE64,19.58,0.049,99.619,521.792,41229.486,3.3,0.514,15.428,13150.487,10.001
3000,gneE64-n,118.456,0.298,836.597,12601.923,229859.527,62.727,5.266,102.734,73318.945,1.225
3000,gneE65,18.736,0.047,96.453,481.8,40139.227,3.093,0.503,14.999,12802.723,10.329
3000,gneE65-n,138.524,0.348,924.892,18598.956,326902.357,92.314,7.704,146.939,104273.201,1.12
3000,gneE66,11.644,0.029,93.88,281.319,25069.75,1.84,0.309,9.314,7996.189,10.611
3000,gneE66-n,131.344,0.33,735.223,15675.807,284517.424,77.992,6.521,126.852,90753.401,1.415
3250,gneE32,20.372,0.265,98.935,1682.975,33813.468,8.448,0.743,14.977,10785.5,1.935
3250,gneE33,14.98,0.271,66.314,1130.578,23535.501,5.693,0.506,10.353,7507.118,2.098
3250,gneE34,15.008,0.198,101.111,1708.403,32111.834,8.528,0.735,14.322,10242.773,2.495
3250,gneE35,16.752,0.22,78.295,1282.947,26925.794,6.466,0.58,11.846,8588.512,2.566
3250,gneE36,4.676,0.084,14.222,196.134,12986.697,1.19,0.197,5.124,4142.192,9.749
3250,gneE37,3.78,0.05,23.729,191.714,9039.294,1.08,0.148,3.631,2883.165,8.267
3250,gneE38,3.768,0.05,28.683,198.75,6810.91,1.06,0.115,2.764,2172.432,7.446
3250,gneE39,4.092,0.074,14.013,174.341,11456.235,1.057,0.177,4.543,3654.038,9.918
3250,gneE40,9.032,0.119,43.109,642.569,18557.622,3.355,0.36,7.865,5919.214,5.382
3250,gneE41,2.42,0.032,23.052,102.984,4405.521,0.568,0.065,1.714,1405.196,8.894
3250,gneE42,2.976,0.054,14.226,125.135,8203.782,0.758,0.126,3.244,2616.65,9.803
3250,gneE44,4.084,0.054,24.825,206.553,9522.763,1.158,0.157,3.835,3037.374,7.982
3250,gneE45,1.056,0.021,14.47,56.815,2598.561,0.319,0.044,1.054,828.834,9.577
3250,gneE45-n,0.664,0.013,14.554,33.201,1691.976,0.19,0.028,0.681,539.669,10.248
3250,gneE47,1.424,0.015,25.063,56.236,3180.537,0.328,0.048,1.245,1014.459,9.854
3250,gneE47-n,0.912,0.01,23.145,32.942,2077.938,0.197,0.03,0.8,662.776,10.471
3250,gneE48,0.308,0.003,22.156,13.05,735.355,0.076,0.011,0.289,234.547,10.84
3250,gneE48-n,0.744,0.008,23.428,27.912,1574.517,0.163,0.022,0.61,502.207,10.238
3250,gneE49,0.252,0.005,12.457,13.212,714.862,0.076,0.012,0.288,228.01,10.789
3250,gneE49-n,0.492,0.009,13.264,27.237,1175.734,0.151,0.02,0.48,375.011,10.253
3250,gneE51,0.688,0.014,13.629,33.38,1539.447,0.187,0.025,0.614,491.022,10.164
3250,gneE52,0.544,0.011,13.503,21.964,911.789,0.121,0.014,0.356,290.826,10.247
3250,gneE53,0.54,0.011,8.156,50.579,2410.195,0.288,0.051,1.042,768.74,17.113
3250,gneE53-n,1.252,0.024,10.324,111.572,5643.151,0.642,0.117,2.414,1799.902,14.091
3250,gneE54,0.764,0.008,14.371,57.928,3483.907,0.345,0.07,1.451,1111.201,17.283
3250,gneE54-n,0.48,0.005,14.027,33.178,1907.372,0.194,0.037,0.784,608.364,17.551
3250,gneE55,0.952,0.01,15.087,65.285,4194.717,0.395,0.083,1.741,1337.914,16.517
3250,gneE55-n,0.24,0.003,13.041,20.197,1132.368,0.119,0.023,0.476,361.172,18.541
3250,gneE56,0.584,0.012,8.49,50.605,2784.735,0.297,0.058,1.192,888.198,16.857
3250,gneE56-n,0.248,0.005,7.344,23.551,1210.578,0.136,0.025,0.517,386.118,18.388
3250,gneE57,2.728,0.053,18.299,125.505,4816.941,0.68,0.076,1.914,1536.425,7.918
3250,gneE58,11.624,0.224,77.295,1368.456,24901.151,6.812,0.578,11.156,7942.786,1.89
3250,gneE59,3.372,0.066,20.097,155.057,5900.032,0.84,0.094,2.351,1881.891,7.308
3250,gneE60,3.732,0.073,21.279,222.616,8057.134,1.199,0.143,3.312,2569.916,6.788
3250,gneE61,1.144,0.022,26.272,59.876,2519.155,0.33,0.041,1.01,803.512,9.192
3250,gneE62,2.38,0.046,17.802,99.238,4247.85,0.548,0.063,1.665,1354.904,8.112
3250,gneE63,18.264,0.046,97.221,480.241,39283.129,3.067,0.499,14.731,12529.662,10.246
3250,gneE63-n,145.128,0.365,974.438,19588.48,345312.907,97.251,8.127,155.154,110145.654,1.147
3250,gneE64,19.392,0.048,98.302,502.63,41000.522,3.207,0.506,15.294,13077.454,10.134
3250,gneE64-n,108.636,0.273,616.887,8695.42,175951.938,43.67,3.825,77.604,56123.495,1.625
3250,gneE65,17.572,0.044,99.864,463.609,36495.731,2.928,0.454,13.649,11640.619,9.981
3250,gneE65-n,129.196,0.325,764.879,15641.615,282395.72,77.799,6.537,126.314,90076.615,1.329
3250,gneE66,12.628,0.032,96.43,324.055,27101.686,2.08,0.337,10.1,8644.3,10.344
3250,gneE66-n,138.148,0.347,646.698,15767.876,293925.863,78.629,6.642,130.475,93754.274,1.658
3500,gneE32,20.392,0.265,99.913,1677.489,33728.559,8.421,0.742,14.947,10758.414,1.916
3500,gneE33,15.036,0.272,66.776,1150.227,23810.987,5.789,0.513,10.48,7594.993,2.085
3500,gneE34,23.048,0.3,177.478,2897.766,49075.203,14.339,1.17,22.195,15653.739,1.078
3500,gneE35,20.356,0.265,98.262,1686.94,33976.413,8.47,0.746,15.05,10837.472,1.949
3500,gneE36,6.264,0.118,23.689,342.084,13681.355,1.873,0.24,5.621,4363.807,6.093
3500,gneE37,3.792,0.05,23.873,185.59,8994.982,1.051,0.143,3.591,2869.033,8.221
3500,gneE38,4.968,0.066,28.802,275.054,9127.762,1.461,0.156,3.713,2911.427,6.932
3500,gneE39,3.52,0.063,13.73,152.266,10347.168,0.931,0.161,4.102,3300.291,10.117
3500,gneE40,4.588,0.061,23.371,208.27,10632.395,1.192,0.169,4.232,3391.295,8.38
3500,gneE41,2.392,0.032,23.266,95.047,4232.588,0.528,0.06,1.639,1350.037,8.681
3500,gneE42,2.744,0.049,13.901,116.51,7887.02,0.711,0.119,3.106,2515.616,9.981
3500,gneE44,3.836,0.051,23.486,180.627,8947.794,1.027,0.144,3.576,2853.978,8.349
3500,gneE45,0.42,0.008,13.025,21.112,953.393,0.118,0.016,0.386,304.094,10.42
3500,gneE45-n,0.364,0.007,12.817,16.508,786.225,0.093,0.013,0.316,250.774,10.538
3500,gneE47,0.776,0.008,23.529,30.082,1659.84,0.175,0.024,0.646,529.422,10.26
3500,gneE47-n,0.548,0.006,23.005,20.656,1156.876,0.12,0.017,0.451,368.996,10.516
3500,gneE48,0.86,0.009,23.772,32.614,1896.53,0.191,0.027,0.731,604.916,10.23
3500,gneE48-n,1.384,0.015,24.342,57.104,3209.916,0.333,0.048,1.257,1023.831,10.014
3500,gneE49,0.448,0.009,14.511,23.694,1098.691,0.133,0.018,0.442,350.437,10.395
3500,gneE49-n,0.84,0.017,14.697,49.125,2111.077,0.272,0.036,0.859,673.348,9.74
3500,gneE51,0.632,0.012,17.201,30.096,1381.567,0.168,0.022,0.55,440.665,10.091
3500,gneE52,0.608,0.012,16.143,25.197,1020.845,0.137,0.015,0.399,325.612,10.045
3500,gneE53,0.216,0.004,7.306,19.258,1011.074,0.112,0.021,0.431,322.485,18.472
3500,gneE53-n,1.104,0.022,11.547,101.374,5167.329,0.584,0.107,2.212,1648.136,14.395
3500,gneE54,0.3,0.003,13.001,21.825,1306.745,0.129,0.026,0.542,416.79,18.53
3500,gneE54-n,0.968,0.01,15.061,68.488,4073.582,0.406,0.081,1.684,1299.281,16.525
3500,gneE55,0.628,0.007,14.488,41.819,2509.414,0.248,0.049,1.03,800.386,17.245
3500,gneE55-n,0.632,0.007,14.132,46.501,2735.999,0.276,0.055,1.142,872.654,17.337
3500,gneE56,0.42,0.008,7.801,34.633,1896.635,0.202,0.038,0.803,604.938,17.617
3500,gneE56-n,0.384,0.008,7.912,34.468,1616.1,0.195,0.034,0.693,515.462,17.455
3500,gneE57,2.428,0.047,24.616,151.259,4462.012,0.79,0.08,1.829,1423.228,7.063
3500,gneE58,16.2,0.308,115.66,1980.879,34448.71,9.823,0.813,15.525,10988.236,1.212
3500,gneE59,1.888,0.037,15.752,69.01,3157.532,0.385,0.046,1.222,1007.132,8.86
3500,gneE60,1.912,0.038,16.584,99.499,4193.755,0.549,0.07,1.691,1337.642,8.484
3500,gneE61,1.2,0.023,15.248,61.654,2812.001,0.345,0.046,1.127,896.915,9.352
3500,gneE62,1.752,0.034,15.588,70.814,3057.382,0.391,0.045,1.188,975.19,9.015
3500,gneE63,18.252,0.046,98.211,473.078,38541.056,3.016,0.475,14.361,12292.989,10.141
3500,gneE63-n,141.172,0.355,711.593,17775.962,323642.71,88.477,7.458,144.439,103233.243,1.483
3500,gneE64,20.296,0.051,99.871,541.992,42520.888,3.423,0.534,15.943,13562.388,9.978
3500,gneE64-n,117.136,0.294,999.3,12524.628,223311.522,62.222,5.15,100.027,71230.45,1.068
3500,gneE65,12.148,0.03,99.617,319.769,25365.778,2.023,0.314,9.472,8090.628,10.002
3500,gneE65-n,134.304,0.337,684.265,16209.41,295804.469,80.688,6.769,131.744,94353.627,1.501
3500,gneE66,16.096,0.04,95.115,413.084,35042.669,2.663,0.441,13.08,11177.13,10.475
3500,gneE66-n,133.896,0.337,764.036,15825.603,289647.077,78.801,6.645,129.212,92389.528,1.454
3750,gneE32,20.264,0.264,96.475,1644.553,33711.609,8.271,0.739,14.925,10752.991,1.984
3750,gneE33,15.076,0.272,64,1121.183,24160.546,5.665,0.514,10.589,7706.47,2.175
3750,gneE34,23.7,0.311,170.633,2818.408,49576.676,13.989,1.161,22.291,15813.65,1.153
3750,gneE35,19.876,0.26,97.251,1633.988,32849.946,8.203,0.724,14.56,10478.162,1.979
3750,gneE36,4.068,0.074,14.701,178.96,11344.129,1.076,0.177,4.503,3618.284,9.559
3750,gneE37,3.804,0.051,23.722,185.627,9063.608,1.053,0.146,3.625,2890.919,8.247
3750,gneE38,3.932,0.052,26.742,199.086,7074.688,1.068,0.115,2.835,2256.569,7.744
3750,gneE39,3.496,0.063,13.639,149.937,10326.504,0.92,0.16,4.087,3293.7,10.163
3750,gneE40,4.452,0.059,23.907,219.129,10542.242,1.24,0.171,4.223,3362.543,8.202
3750,gneE41,2.232,0.03,23.135,84.672,3906.786,0.473,0.057,1.511,1246.116,8.995
3750,gneE42,2.588,0.046,13.576,111.943,7610.566,0.685,0.119,3.019,2427.435,10.225
3750,gneE44,3.896,0.052,23.37,186.323,9282.86,1.061,0.149,3.708,2960.85,8.367
3750,gneE45,0.536,0.011,13.106,28.289,1332.78,0.16,0.022,0.539,425.102,10.392
3750,gneE45-n,0.372,0.007,12.774,19.384,1011.003,0.111,0.017,0.405,322.467,10.65
3750,gneE47,0.984,0.011,23.798,40.96,2217.521,0.237,0.034,0.874,707.298,10.218
3750,gneE47-n,0.62,0.007,22.599,23.022,1385.884,0.136,0.021,0.545,442.038,10.658
3750,gneE48,0.396,0.004,23.698,19.221,812.603,0.106,0.012,0.32,259.19,10.356
3750,gneE48-n,1.068,0.011,24.3,43.503,2263.447,0.25,0.034,0.893,721.947,9.977
3750,gneE49,0.332,0.006,12.901,15.819,678.597,0.088,0.011,0.274,216.446,10.469
3750,gneE49-n,0.64,0.013,14.752,31.435,1445.61,0.176,0.024,0.582,461.091,10.113
3750,gneE51,0.516,0.01,12.984,24.118,1234.351,0.138,0.02,0.495,393.706,10.507
3750,gneE52,0.648,0.013,13.179,21.878,1185.126,0.126,0.017,0.453,378.008,10.381
3750,gneE53,0.34,0.006,7.531,28.714,1515.854,0.167,0.031,0.646,483.486,18.046
3750,gneE53-n,1.052,0.02,10.527,95.801,4927.873,0.554,0.103,2.118,1571.76,14.741
3750,gneE54,0.476,0.005,13.516,37.489,2139.491,0.221,0.044,0.896,682.396,17.995
3750,gneE54-n,0.768,0.008,14.475,48.584,3096.594,0.292,0.059,1.267,987.668,17.031
3750,gneE55,0.644,0.007,14.108,46.744,2940.636,0.281,0.058,1.214,937.923,17.504
3750,gneE55-n,0.268,0.003,12.966,16.552,1117.822,0.101,0.021,0.459,356.532,18.516
3750,gneE56,0.444,0.009,8.039,41.853,2158.723,0.242,0.046,0.929,688.53,17.453
3750,gneE56-n,0.228,0.006,7.403,19.56,993.414,0.112,0.02,0.423,316.853,18.3
3750,gneE57,8.284,0.158,60.634,906.307,17395.136,4.531,0.391,7.702,5548.556,3.28
3750,gneE58,16.256,0.307,107.873,1971.659,34196.006,9.775,0.806,15.409,10907.634,1.268
3750,gneE59,2.504,0.049,18.249,115.548,4490.602,0.628,0.069,1.764,1432.338,8.163
3750,gneE60,2.372,0.047,20.67,127.291,5353.484,0.703,0.091,2.168,1707.548,8.46
3750,gneE61,1.304,0.026,15.405,61.279,2878.111,0.345,0.046,1.143,918.002,9.254
3750,gneE62,1.936,0.038,17.181,79.886,3331.401,0.438,0.049,1.297,1062.593,8.531
3750,gneE63,17.284,0.043,96.796,445.328,37002.481,2.854,0.46,13.803,11802.238,10.29
3750,gneE63-n,135.06,0.339,1074.391,18157.065,315539.435,90.043,7.482,142.18,100648.804,0.975
3750,gneE64,17.568,0.044,98.716,463.429,37114.439,2.944,0.465,13.899,11837.953,10.09
3750,gneE64-n,117.456,0.295,1150.936,13351.421,232284.151,66.2,5.425,104.438,74092.612,0.886
3750,gneE65,12.188,0.03,99.452,323.816,25472.303,2.044,0.319,9.538,8124.602,10.021
3750,gneE65-n,137.58,0.346,893.63,18468.636,324888.147,91.672,7.631,145.9,103630.738,1.145
3750,gneE66,15.256,0.038,96.929,390.403,32584.574,2.506,0.406,12.163,10393.109,10.276
3750,gneE66-n,140.316,0.353,701.707,17555.081,317905.535,87.336,7.326,141.896,101403.298,1.457
4000,gneE32,20.364,0.265,98.544,1676.818,33843.087,8.421,0.744,14.995,10794.942,1.941
4000,gneE33,16.296,0.295,60.895,1199.041,27438.469,6.095,0.569,11.918,8751.997,2.317
4000,gneE34,24.848,0.332,149.332,2968.94,54360.73,14.786,1.256,24.321,17339.581,1.326
4000,gneE35,20.024,0.261,98.882,1685.969,33501.191,8.455,0.741,14.861,10685.9,1.944
4000,gneE36,4.592,0.084,15.355,203.682,12287.775,1.209,0.195,4.899,3919.269,9.207
4000,gneE37,3.824,0.051,23.444,190.664,9275.56,1.08,0.152,3.719,2958.521,8.327
4000,gneE38,4.704,0.062,29.476,256.279,8619.065,1.363,0.145,3.491,2749.172,7.283
4000,gneE39,4.02,0.072,13.928,172.017,11547.623,1.048,0.179,4.574,3683.185,9.963
4000,gneE40,6.304,0.084,27.973,364.741,14302.669,1.989,0.246,5.836,4561.991,7.084
4000,gneE41,4.312,0.057,28.343,200.342,7689.157,1.086,0.121,3.057,2452.556,7.792
4000,gneE42,3.812,0.068,14.084,169.628,11125.958,1.028,0.173,4.415,3548.694,9.86
4000,gneE44,3.628,0.048,23.072,177.754,8697.573,1.009,0.141,3.48,2774.168,8.455
4000,gneE45,0.136,0.003,12.214,7.23,345.814,0.041,0.006,0.141,110.3,10.89
4000,gneE45-n,0.14,0.003,12.257,8.026,400.746,0.046,0.007,0.164,127.82,10.894
4000,gneE47,0.22,0.002,21.829,8.216,488.821,0.049,0.007,0.19,155.913,10.876
4000,gneE47-n,0.192,0.002,21.881,7.856,485.205,0.046,0.008,0.19,154.759,10.98
4000,gneE48,0.576,0.006,29.534,23.344,1204.528,0.134,0.018,0.469,384.196,10.292
4000,gneE48-n,0.904,0.01,22.883,35.275,2140.87,0.209,0.034,0.846,682.845,10.551
4000,gneE49,0.292,0.006,14.85,15.672,704.035,0.088,0.012,0.284,224.559,10.619
4000,gneE49-n,0.584,0.012,13.224,33.017,1593.812,0.187,0.028,0.649,508.359,10.344
4000,gneE51,2.148,0.043,17.59,108.07,4703.863,0.6,0.077,1.89,1500.345,8.193
4000,gneE52,2.02,0.039,16.329,76.173,3569.844,0.427,0.051,1.378,1138.644,8.635
4000,gneE53,0.056,0.001,6.927,5.261,281.321,0.031,0.006,0.121,89.728,19.16
4000,gneE53-n,0.968,0.019,10.965,88.821,4362.332,0.509,0.092,1.879,1391.381,15.19
4000,gneE54,0.076,0.001,12.393,7.997,429.219,0.047,0.009,0.184,136.9,19.181
4000,gneE54-n,0.584,0.006,14.218,45.724,2829.367,0.274,0.058,1.18,902.432,17.611
4000,gneE55,0.24,0.003,13.237,15.395,787.589,0.088,0.015,0.322,251.206,18.431
4000,gneE55-n,0.364,0.004,13.394,21.294,1313.98,0.126,0.025,0.532,419.099,18.142
4000,gneE56,0.244,0.005,7.517,20.959,1033.039,0.12,0.022,0.444,329.491,18.306
4000,gneE56-n,0.288,0.006,7.508,22.947,1221.463,0.134,0.025,0.521,389.589,18.1
4000,gneE57,14.864,0.282,101.567,1806.065,31975.672,8.97,0.753,14.394,10199.383,1.421
4000,gneE58,16.776,0.317,121.763,2061.899,35978.869,10.227,0.846,16.191,11476.317,1.178
4000,gneE59,2.684,0.052,17.778,111.356,4542.283,0.61,0.069,1.787,1448.819,7.898
4000,gneE60,2.716,0.053,17.654,144.937,5901.805,0.796,0.099,2.39,1882.444,7.821
4000,gneE61,1.208,0.024,15.27,67.875,2738.268,0.372,0.047,1.114,873.399,9.272
4000,gneE62,1.988,0.039,16.471,84.016,3532.438,0.462,0.054,1.386,1126.714,8.709
4000,gneE63,17.124,0.043,97.544,446.669,36545.022,2.848,0.456,13.648,11656.33,10.214
4000,gneE63-n,140.188,0.352,673.086,16214.935,302618.286,80.866,6.862,134.4,96526.886,1.68
4000,gneE64,17.62,0.044,95.98,446.906,37778.664,2.88,0.468,14.076,12049.805,10.381
4000,gneE64-n,108.172,0.272,622.086,8655.523,175320.6,43.475,3.814,77.373,55922.107,1.61
4000,gneE65,11.672,0.029,97.606,311.593,25239.201,1.984,0.321,9.467,8050.242,10.211
4000,gneE65-n,132.852,0.334,1097.29,17540.174,307059.527,87.03,7.236,138.054,97943.906,1.09
4000,gneE66,13.444,0.034,96.553,340.53,28673.491,2.192,0.355,10.687,9145.639,10.326
4000,gneE66-n,135.664,0.341,926.14,17364.672,308663.336,86.264,7.214,138.45,98455.372,1.219
4250,gneE32,20.352,0.265,98.126,1686.861,34187.464,8.475,0.751,15.144,10904.784,1.951
4250,gneE33,16.048,0.291,61.58,1186.065,27159.368,6.03,0.564,11.808,8662.971,2.286
4250,gneE34,24.52,0.327,149.923,2934.791,53953.203,14.622,1.249,24.16,17209.58,1.306
4250,gneE35,19.96,0.261,96.353,1626.063,32998.463,8.17,0.725,14.617,10525.527,1.991
4250,gneE36,10.392,0.195,37.91,943.774,24002.675,4.854,0.49,10.322,7656.034,4.377
4250,gneE37,3.952,0.053,24.201,201.344,9360.35,1.131,0.152,3.751,2985.572,8.087
4250,gneE38,4.64,0.062,30.391,267.635,8449.233,1.411,0.146,3.442,2695.008,6.782
4250,gneE39,3.656,0.065,13.577,158.658,11040.137,0.974,0.169,4.354,3521.318,10.229
4250,gneE40,5.2,0.069,26.478,295.29,12331.282,1.628,0.211,5.018,3933.185,7.445
4250,gneE41,3.976,0.053,28.856,191.808,7266.255,1.039,0.115,2.896,2317.667,7.62
4250,gneE42,3.596,0.065,14.128,154.293,10156.357,0.936,0.157,4.028,3239.434,9.84
4250,gneE44,3.9,0.051,23.812,196.39,9411.719,1.109,0.152,3.762,3001.954,8.246
4250,gneE45,1.168,0.023,14.619,62.107,2857.455,0.349,0.049,1.164,911.409,9.551
4250,gneE45-n,0.332,0.006,12.714,17.046,858.322,0.098,0.015,0.351,273.768,10.627
4250,gneE47,1.644,0.018,24.539,63.765,3751.967,0.376,0.055,1.462,1196.721,9.923
4250,gneE47-n,0.724,0.008,23.193,27.717,1632.653,0.163,0.024,0.633,520.749,10.447
4250,gneE48,0.724,0.008,22.896,27.106,1659.435,0.161,0.024,0.64,529.291,10.577
4250,gneE48-n,0.484,0.005,23.399,19.785,948.384,0.112,0.013,0.366,302.498,10.323
4250,gneE49,0.528,0.01,13.811,28.974,1298.967,0.162,0.023,0.53,414.317,10.31
4250,gneE49-n,0.372,0.007,13.043,19.341,835.678,0.107,0.013,0.336,266.548,10.383
4250,gneE51,1.884,0.037,16.976,97.008,4098.876,0.536,0.068,1.653,1307.379,8.444
4250,gneE52,1.788,0.035,15.906,66.635,3181.951,0.376,0.046,1.233,1014.919,8.874
4250,gneE53,0.44,0.009,7.791,41.723,2246.818,0.244,0.047,0.967,716.628,17.565
4250,gneE53-n,1.092,0.021,10.488,96.061,4866.752,0.552,0.1,2.079,1552.267,14.33
4250,gneE54,0.544,0.006,13.743,41.013,2433.721,0.243,0.048,1.009,776.242,17.781
4250,gneE54-n,0.344,0.004,13.524,21.93,1243.989,0.128,0.023,0.505,396.776,18.016
4250,gneE55,1.056,0.012,15.906,81.278,4763.494,0.481,0.095,1.975,1519.331,16.228
4250,gneE55-n,0.596,0.006,13.702,48.449,2968.961,0.289,0.06,1.234,946.957,17.807
4250,gneE56,0.712,0.014,8.873,63.847,3370.209,0.372,0.071,1.446,1074.937,16.285
4250,gneE56-n,0.508,0.01,8.066,48.102,2314.341,0.275,0.049,0.998,738.167,17.148
4250,gneE57,16.456,0.309,124.285,2081.865,36179.327,10.325,0.862,16.355,11540.25,1.207
4250,gneE58,16.256,0.307,120.041,1997.783,34484.486,9.901,0.816,15.558,10999.654,1.195
4250,gneE59,2.384,0.046,16.808,98.12,4129.688,0.539,0.061,1.608,1317.216,8.405
4250,gneE60,2.628,0.051,18.419,159.699,6084.478,0.866,0.107,2.488,1940.711,7.866
4250,gneE61,1.448,0.029,16.371,78.772,3293.449,0.435,0.056,1.337,1050.479,8.973
4250,gneE62,2.544,0.05,22.539,115.7,4626.692,0.632,0.074,1.842,1475.739,8.035
4250,gneE63,17.148,0.043,98.695,449.963,36153.472,2.861,0.453,13.533,11531.444,10.092
4250,gneE63-n,133.516,0.336,920.979,17180.345,302880.531,85.299,7.127,136.182,96610.846,1.104
4250,gneE64,19.404,0.048,98.081,507.152,41272.503,3.235,0.517,15.444,13164.197,10.156
4250,gneE64-n,108.784,0.273,553.61,8406.903,175822.079,42.35,3.771,77.236,56081.952,1.803
4250,gneE65,19.296,0.048,101.629,538.081,40477.918,3.357,0.513,15.219,12910.774,9.811
4250,gneE65-n,136.872,0.344,769.919,17282.855,309732.667,85.911,7.187,138.583,98796.43,1.339
4250,gneE66,16.768,0.042,94.541,416.053,36331.263,2.706,0.453,13.532,11588.135,10.538
4250,gneE66-n,132.672,0.333,697.03,16101.616,292767.111,80.122,6.703,130.402,93384.826,1.455
4500,gneE32,20.176,0.263,95.267,1644.012,33624.367,8.266,0.735,14.875,10725.167,2.01
4500,gneE33,16.112,0.291,57.622,1169.453,27579.724,5.963,0.566,11.942,8797.037,2.436
4500,gneE34,23.98,0.32,150.41,2862.047,52687.573,14.261,1.222,23.609,16805.874,1.294
4500,gneE35,18.896,0.248,91.558,1514.651,30730.887,7.61,0.673,13.594,9802.241,2.102
4500,gneE36,14.596,0.27,55.935,1454.463,31953.182,7.366,0.687,13.984,10192.06,2.62
4500,gneE37,3.6,0.048,22.919,165.243,8531.037,0.948,0.137,3.407,2721.046,8.528
4500,gneE38,7.528,0.099,39.688,485.192,13268.38,2.515,0.25,5.575,4232.161,5.383
4500,gneE39,3.812,0.069,14.024,162.605,10943.925,0.991,0.167,4.319,3490.634,9.903
4500,gneE40,5.212,0.069,25.073,263.643,12101.107,1.478,0.199,4.87,3859.762,7.826
4500,gneE41,5.048,0.067,26.713,234.728,9172.718,1.277,0.144,3.641,2925.755,7.512
4500,gneE42,3.832,0.069,13.964,162.855,10978.99,0.994,0.169,4.341,3501.817,9.93
4500,gneE44,3.772,0.05,23.451,179.698,8706.34,1.018,0.14,3.482,2776.967,8.363
4500,gneE45,0.428,0.008,13.079,23.407,1025.753,0.13,0.017,0.415,327.174,10.378
4500,gneE45-n,0.668,0.013,13.515,30.002,1497.471,0.171,0.024,0.597,477.632,10.162
4500,gneE47,0.604,0.007,22.826,23.244,1309.531,0.136,0.019,0.511,417.686,10.536
4500,gneE47-n,0.928,0.01,24.356,36.254,1855.476,0.207,0.027,0.725,591.822,10.03
4500,gneE48,0.964,0.01,23.619,35.725,2072.4,0.21,0.031,0.811,661.009,10.265
4500,gneE48-n,0.204,0.002,21.832,8.409,492.654,0.049,0.008,0.192,157.136,10.934
4500,gneE49,0.616,0.012,13.504,31.557,1462.8,0.177,0.024,0.588,466.574,10.193
4500,gneE49-n,0.056,0.001,11.964,3.779,196.624,0.022,0.004,0.082,62.714,11.062
4500,gneE51,2.1,0.041,18.574,105.7,4784.84,0.591,0.079,1.925,1526.17,8.416
4500,gneE52,2.1,0.041,16.817,83.594,3661.645,0.463,0.055,1.427,1167.926,8.484
4500,gneE53,0.5,0.01,7.914,42.016,2113.746,0.241,0.044,0.901,674.187,17.363
4500,gneE53-n,0.608,0.012,8.786,58.208,2984.786,0.336,0.063,1.282,952.006,16.548
4500,gneE54,0.708,0.008,14.001,44.343,2786.463,0.265,0.053,1.137,888.752,17.411
4500,gneE54-n,0.152,0.002,12.652,13.868,799.098,0.082,0.017,0.336,254.874,18.92
4500,gneE55,0.552,0.006,13.989,33.776,2208.445,0.205,0.043,0.902,704.39,17.656
4500,gneE55-n,0.732,0.008,14.155,51.771,3015.004,0.306,0.06,1.254,961.645,17.328
4500,gneE56,0.508,0.01,8.162,46.215,2332.183,0.266,0.049,1.002,743.857,17.032
4500,gneE56-n,0.484,0.011,8.124,42.978,2033.138,0.244,0.043,0.875,648.477,17.265
4500,gneE57,16.64,0.313,115.59,2011.703,35768.975,9.995,0.842,16.109,11409.34,1.224
4500,gneE58,16.5,0.312,117.646,2004.28,35213.87,9.947,0.825,15.829,11232.297,1.191
4500,gneE59,1.988,0.039,17.95,77.728,3354.958,0.43,0.05,1.307,1070.105,8.597
4500,gneE60,2.16,0.043,18.162,118.49,4885.405,0.652,0.083,1.981,1558.251,8.227
4500,gneE61,1.196,0.024,15.386,57.703,2616.388,0.323,0.044,1.055,834.522,9.409
4500,gneE62,1.836,0.036,18.797,81.387,3256.11,0.445,0.05,1.282,1038.578,8.59
4500,gneE63,19.444,0.049,96.65,503.896,41959.456,3.236,0.528,15.699,13383.297,10.305
4500,gneE63-n,129.628,0.326,574.474,12781.223,252295.632,64.053,5.544,111.175,80475.059,1.937
4500,gneE64,19.672,0.049,98.043,509.285,41526.077,3.248,0.518,15.515,13245.079,10.161
4500,gneE64-n,107.676,0.271,602.829,8456.293,173333.674,42.52,3.746,76.354,55288.298,1.662
4500,gneE65,15.032,0.038,98.626,385.327,31341.276,2.456,0.385,11.673,9996.561,10.1
4500,gneE65-n,133.272,0.335,726.218,15901.193,288827.757,79.127,6.631,128.833,92128.263,1.418
4500,gneE66,18.08,0.045,96.478,459.312,38703.679,2.957,0.481,14.429,12344.846,10.328
4500,gneE66-n,134.724,0.339,1029.395,17768.28,310604.665,88.151,7.32,139.64,99074.728,1.063
4750,gneE32,20.34,0.265,98.488,1652.857,33302.414,8.299,0.731,14.749,10622.486,1.945
4750,gneE33,16.212,0.293,60.119,1219.258,27730.764,6.194,0.577,12.057,8845.232,2.347
4750,gneE34,23.284,0.312,160.23,2835.047,51766.228,14.117,1.203,23.214,16512.002,1.239
4750,gneE35,14.192,0.187,75.059,1130.708,23792.377,5.7,0.511,10.45,7589.048,2.673
4750,gneE36,15.52,0.286,71.162,1644.257,33605.133,8.269,0.742,14.832,10719.031,2.258
4750,gneE37,5.256,0.07,31.921,373.861,12384.638,1.988,0.227,5.141,3950.236,6.491
4750,gneE38,8.932,0.118,46.907,638.688,15678.147,3.27,0.312,6.701,5000.816,4.332
4750,gneE39,4.024,0.073,13.994,170.206,11389.287,1.037,0.176,4.509,3632.684,9.914
4750,gneE40,4.996,0.066,24.914,246.508,11425.453,1.384,0.186,4.578,3644.257,7.86
4750,gneE41,6.532,0.087,32.795,383.233,12114.937,2.022,0.212,4.977,3864.233,6.038
4750,gneE42,4.616,0.083,14.281,196.599,12870.885,1.19,0.197,5.089,4105.253,9.707
4750,gneE44,3.404,0.045,24.532,177.325,8023.525,0.992,0.134,3.241,2559.178,8.028
4750,gneE45,1.708,0.033,17.482,123.917,4031.289,0.658,0.076,1.69,1285.829,8.341
4750,gneE45-n,0.556,0.011,13.422,27.378,1271.697,0.154,0.021,0.51,405.62,10.206
4750,gneE47,0,0,21.206,0,0,0,0,0,0,11.11
4750,gneE47-n,0.872,0.009,24.009,32.546,1876.276,0.191,0.026,0.724,598.456,10.165
4750,gneE48,0.396,0.004,22.248,14.943,958.524,0.09,0.014,0.369,305.729,10.808
4750,gneE48-n,0,0,21.206,0,0,0,0,0,0,11.11
4750,gneE49,0.256,0.005,12.519,13.813,666.287,0.078,0.011,0.27,212.517,10.754
4750,gneE49-n,0,0,11.84,0,0,0,0,0,0,11.11
4750,gneE51,4.18,0.081,25.054,264.234,9422.338,1.421,0.171,3.903,3005.362,6.531
4750,gneE52,2.268,0.045,22.779,95.823,3961.937,0.525,0.059,1.543,1263.711,8.341
4750,gneE53,0.36,0.007,7.763,32.649,1584.887,0.187,0.033,0.683,505.505,17.689
4750,gneE53-n,0.176,0.004,7.348,16.508,859.766,0.096,0.018,0.373,274.224,18.582
4750,gneE54,0.548,0.006,13.833,37.899,2342.991,0.227,0.045,0.961,747.304,17.655
4750,gneE54-n,0,0,12.119,0,0,0,0,0,0,19.44
4750,gneE55,0,0,12.119,0,0,0,0,0,0,19.44
4750,gneE55-n,0.24,0.003,13.031,19.783,1133.768,0.117,0.023,0.474,361.618,18.562
4750,gneE56,0,0,6.766,0,0,0,0,0,0,19.44
4750,gneE56-n,0.196,0.004,7.224,18.814,1037.148,0.11,0.022,0.445,330.8,18.589
4750,gneE57,16.844,0.316,115.753,2129.009,37498.836,10.57,0.888,16.919,11961.126,1.26
4750,gneE58,16.816,0.319,130.565,2077.519,36273.355,10.306,0.854,16.329,11570.248,1.148
4750,gneE59,2.288,0.044,18.485,96.233,4002.374,0.529,0.06,1.567,1276.608,8.232
4750,gneE60,2.568,0.052,34.588,181.017,5677.702,0.956,0.105,2.361,1810.98,6.928
4750,gneE61,1.708,0.033,16.33,80.627,3699.767,0.452,0.059,1.477,1180.078,8.826
4750,gneE62,2.244,0.043,16.69,88.167,3940.249,0.49,0.057,1.527,1256.79,8.468
4750,gneE63,19.052,0.048,99.061,496.224,39711.923,3.15,0.492,14.834,12666.448,10.057
4750,gneE63-n,139.876,0.352,833.207,17134.02,311950.45,85.282,7.192,139.299,99503.721,1.425
4750,gneE64,15.76,0.039,97.261,404.451,33377.995,2.59,0.417,12.474,10646.178,10.247
4750,gneE64-n,107.54,0.27,589.309,8427.945,173260.372,42.387,3.735,76.25,55264.912,1.693
4750,gneE65,15.592,0.039,96.485,396.936,33442.94,2.553,0.412,12.444,10666.895,10.325
4750,gneE65-n,133.792,0.336,797.663,16682.654,298363.944,82.912,6.907,133.395,95170.152,1.295
4750,gneE66,16.888,0.042,96.283,431.477,36355.856,2.778,0.453,13.559,11595.988,10.347
4750,gneE66-n,135.94,0.342,986.936,17809.989,315117.259,88.441,7.368,141.279,100514.057,1.203
5000,gneE32,20.436,0.266,99.887,1691.413,33987.181,8.491,0.748,15.064,10840.907,1.917
5000,gneE33,16.72,0.303,55.221,1231.973,29056.492,6.282,0.595,12.567,9268.08,2.551
5000,gneE34,22.944,0.306,157.569,2698.018,49556.851,13.441,1.146,22.186,15807.267,1.326
5000,gneE35,12.296,0.162,59.624,891.507,20535.724,4.534,0.424,8.899,6550.241,3.354
5000,gneE36,16.108,0.295,54.637,1555.759,35384.629,7.907,0.754,15.453,11286.555,2.807
5000,gneE37,7.644,0.101,48.929,699.73,17453.143,3.591,0.357,7.498,5566.966,4.086
5000,gneE38,15.484,0.204,73.247,1192.062,25304.29,6.014,0.54,11.093,8071.299,2.727
5000,gneE39,4.52,0.082,14.076,192.832,12828.576,1.172,0.197,5.076,4091.755,9.859
5000,gneE40,4.596,0.061,24.404,225.326,10667.051,1.271,0.174,4.279,3402.354,7.983
5000,gneE41,6.912,0.091,33.286,392.409,12237.916,2.067,0.216,5.029,3903.461,6.313
5000,gneE42,4.372,0.079,14.002,187.654,12531.117,1.141,0.193,4.961,3996.878,9.914
5000,gneE44,2.672,0.036,24.534,130.127,6319.139,0.737,0.1,2.513,2015.549,8.399
5000,gneE45,1.648,0.032,16.848,108.514,4011.097,0.587,0.071,1.652,1279.384,8.424
5000,gneE45-n,0,0,11.84,0,0,0,0,0,0,11.11
5000,gneE47,0,0,21.206,0,0,0,0,0,0,11.11
5000,gneE47-n,0,0,21.206,0,0,0,0,0,0,11.11
5000,gneE48,0.216,0.002,21.929,7.672,458.72,0.045,0.006,0.175,146.313,10.867
5000,gneE48-n,0,0,21.206,0,0,0,0,0,0,11.11
5000,gneE49,0.14,0.003,12.24,7.462,325.885,0.042,0.006,0.134,103.944,10.878
5000,gneE49-n,0,0,11.84,0,0,0,0,0,0,11.11
5000,gneE51,5.664,0.109,25.545,399.667,12755.36,2.115,0.239,5.347,4068.484,5.798
5000,gneE52,2.816,0.055,17.591,118.332,5006.195,0.652,0.076,1.969,1596.786,8.022
5000,gneE53,0,0,6.766,0,0,0,0,0,0,19.44
5000,gneE53-n,0.056,0.001,6.916,5.616,287.775,0.032,0.006,0.124,91.787,19.166
5000,gneE54,0,0,12.119,0,0,0,0,0,0,19.44
5000,gneE54-n,0,0,12.119,0,0,0,0,0,0,19.44
5000,gneE55,0,0,12.119,0,0,0,0,0,0,19.44
5000,gneE55-n,0.144,0.002,12.542,9.979,664.318,0.061,0.013,0.272,211.886,18.996
5000,gneE56,0,0,6.766,0,0,0,0,0,0,19.44
5000,gneE56-n,0.088,0.002,7.108,8.57,313.775,0.046,0.007,0.135,100.081,18.881
5000,gneE57,17.212,0.323,112.118,2074.883,37639.174,10.326,0.88,16.912,12005.863,1.32
5000,gneE58,17.488,0.331,125.107,2084.079,37082.292,10.354,0.867,16.657,11828.259,1.198
5000,gneE59,2.872,0.056,18.382,129.919,5035.588,0.706,0.08,2.001,1606.165,7.898
5000,gneE60,3.812,0.078,28.633,288.108,8751.249,1.514,0.165,3.665,2791.33,6.025
5000,gneE61,2.488,0.049,17.287,132.477,5485.632,0.729,0.092,2.217,1749.7,8.127
5000,gneE62,2.312,0.045,17.342,98.708,4035.625,0.54,0.06,1.577,1287.215,8.315
5000,gneE63,16.004,0.04,98.661,424.463,33825.827,2.692,0.426,12.672,10789.023,10.101
5000,gneE63-n,133.08,0.334,924.858,16335.393,291882.352,81.18,6.772,130.627,93102.686,1.272
5000,gneE64,16.232,0.041,100.562,440.094,34047.115,2.767,0.424,12.745,10859.616,9.91
5000,gneE64-n,111.228,0.28,662.617,9526.305,186718.501,47.704,4.1,82.521,59557.864,1.51
5000,gneE65,15.04,0.038,100.279,403.181,31333.708,2.539,0.389,11.717,9994.153,9.938
5000,gneE65-n,131.032,0.329,1054.103,16094.454,289747.274,80.026,6.701,129.481,92421.604,1.319
5000,gneE66,16.408,0.041,96.911,417.105,34963.165,2.685,0.434,13.047,11151.78,10.278
5000,gneE66-n,132.656,0.333,804.1,16335.098,292591.39,81.187,6.76,130.727,93328.859,1.311
5250,gneE32,20.34,0.265,98.846,1652.804,33443.164,8.302,0.735,14.819,10667.376,1.938
5250,gneE33,17.1,0.31,52.612,1242.829,29982.354,6.352,0.607,12.92,9563.39,2.682
5250,gneE34,20.416,0.271,124.327,2072.878,40248.243,10.376,0.907,17.901,12838.028,1.591
5250,gneE35,10.348,0.137,54.474,745.59,17338.556,3.795,0.351,7.46,5530.45,3.822
5250,gneE36,15.256,0.28,54.577,1336.025,31564.914,6.816,0.66,13.714,10068.17,2.971
5250,gneE37,6.86,0.091,41.442,572.957,15500.509,2.967,0.304,6.574,4944.125,5.512
5250,gneE38,15,0.197,75.238,1179.535,24862.357,5.947,0.534,10.92,7930.338,2.606
5250,gneE39,4.02,0.072,13.862,173.919,11730.638,1.062,0.183,4.657,3741.556,10.004
5250,gneE40,4.348,0.058,24.032,215.806,10369.123,1.221,0.171,4.168,3307.323,8.181
5250,gneE41,18.364,0.241,86.86,1468.08,30843.927,7.4,0.664,13.559,9838.278,2.309
5250,gneE42,4.676,0.084,14.174,199.173,13153.969,1.209,0.202,5.206,4195.542,9.795
5250,gneE44,2.76,0.037,23.645,135.816,6579.509,0.77,0.107,2.637,2098.593,8.48
5250,gneE45,1.1,0.021,15.035,70.936,2718.076,0.386,0.048,1.12,866.959,9.403
5250,gneE45-n,0,0,11.84,0,0,0,0,0,0,11.11
5250,gneE47,0,0,21.206,0,0,0,0,0,0,11.11
5250,gneE47-n,0,0,21.206,0,0,0,0,0,0,11.11
5250,gneE48,0,0,21.206,0,0,0,0,0,0,11.11
5250,gneE48-n,0,0,21.206,0,0,0,0,0,0,11.11
5250,gneE49,0,0,11.84,0,0,0,0,0,0,11.11
5250,gneE49-n,0,0,11.84,0,0,0,0,0,0,11.11
5250,gneE51,10.288,0.198,46.652,895.109,21034.816,4.565,0.441,9.146,6709.417,3.295
5250,gneE52,4.272,0.082,22.005,238.171,7703.086,1.261,0.134,3.152,2457.008,6.615
5250,gneE53,0,0,6.766,0,0,0,0,0,0,19.44
5250,gneE53-n,0,0,6.766,0,0,0,0,0,0,19.44
5250,gneE54,0,0,12.119,0,0,0,0,0,0,19.44
5250,gneE54-n,0,0,12.119,0,0,0,0,0,0,19.44
5250,gneE55,0,0,12.119,0,0,0,0,0,0,19.44
5250,gneE55-n,0,0,12.119,0,0,0,0,0,0,19.44
5250,gneE56,0,0,6.766,0,0,0,0,0,0,19.44
5250,gneE56-n,0,0,6.766,0,0,0,0,0,0,19.44
5250,gneE57,16.14,0.304,88.322,1733.554,32727.371,8.656,0.748,14.619,10439.105,1.66
5250,gneE58,16.264,0.309,93.729,1670.235,31550.447,8.339,0.715,14.055,10063.706,1.558
5250,gneE59,2.504,0.049,16.732,96.608,4268.16,0.536,0.063,1.659,1361.381,8.412
5250,gneE60,2.712,0.054,22.212,162.353,6238.313,0.882,0.108,2.539,1989.78,7.636
5250,gneE61,2.128,0.042,18.08,112.682,4763.221,0.622,0.078,1.913,1519.28,8.184
5250,gneE62,2.108,0.041,17.081,82.451,3729.895,0.459,0.054,1.442,1189.695,8.473
5250,gneE63,15.148,0.038,95.083,380.145,32523.65,2.455,0.408,12.13,10373.669,10.477
5250,gneE63-n,129.964,0.327,895.607,16049.062,284264.73,79.701,6.622,127.41,90672.925,1.174
5250,gneE64,15.48,0.039,96.301,388.034,32847.013,2.502,0.408,12.245,10476.815,10.346
5250,gneE64-n,114.252,0.287,796.918,11186.701,208101.839,55.769,4.702,92.658,66378.761,1.297
5250,gneE65,14.86,0.037,97.968,383.264,31452.543,2.449,0.387,11.722,10032.047,10.168
5250,gneE65-n,137.02,0.344,1589.459,18325.221,320682.323,90.927,7.575,144.27,102289.205,1.051
5250,gneE66,15.772,0.039,100.569,425.017,32905.257,2.672,0.412,12.331,10495.408,9.905
5250,gneE66-n,135.412,0.34,1112.38,18449.98,319625.746,91.467,7.59,144.015,101952.259,0.969
5500,gneE32,20.32,0.264,97.841,1647.109,33359.935,8.274,0.732,14.776,10640.828,1.956
5500,gneE33,16.76,0.304,50.63,1182.765,29085.625,6.058,0.586,12.513,9277.351,2.781
5500,gneE34,20.132,0.266,119.993,1994.351,39056.881,9.99,0.875,17.346,12458.012,1.656
5500,gneE35,6.72,0.089,40.816,438.376,11657.695,2.264,0.222,4.914,3718.412,5.48
5500,gneE36,15.272,0.279,51.759,1357.938,31731.63,6.92,0.663,13.796,10121.356,2.891
5500,gneE37,4.204,0.056,26.249,239.643,9798.977,1.316,0.165,3.967,3125.488,7.482
5500,gneE38,18.676,0.244,90.297,1510.633,30594.9,7.588,0.668,13.517,9758.869,2.162
5500,gneE39,5.192,0.095,16.326,235.795,13722.54,1.389,0.219,5.48,4376.901,8.838
5500,gneE40,6.024,0.08,25.075,312.925,14257.545,1.752,0.236,5.738,4547.578,7.755
5500,gneE41,22.204,0.289,94.846,1756.36,37611.049,8.868,0.801,16.468,11996.774,2.066
5500,gneE42,7.404,0.137,21.206,388.986,17138.641,2.167,0.298,7.03,5466.52,7.569
5500,gneE44,3.812,0.051,23.702,190.459,9028.029,1.074,0.148,3.629,2879.571,8.337
5500,gneE45,0.324,0.006,13.093,22.897,823.679,0.123,0.015,0.338,262.722,10.459
5500,gneE45-n,0,0,11.84,0,0,0,0,0,0,11.11
5500,gneE47,0,0,21.206,0,0,0,0,0,0,11.11
5500,gneE47-n,0,0,21.206,0,0,0,0,0,0,11.11
5500,gneE48,0,0,21.206,0,0,0,0,0,0,11.11
5500,gneE48-n,0,0,21.206,0,0,0,0,0,0,11.11
5500,gneE49,0,0,11.84,0,0,0,0,0,0,11.11
5500,gneE49-n,0,0,11.84,0,0,0,0,0,0,11.11
5500,gneE51,8.792,0.17,42.885,724.331,17619.537,3.707,0.363,7.611,5620.047,3.468
5500,gneE52,3.136,0.061,18.578,120.079,5361.671,0.668,0.08,2.094,1710.168,8.071
5500,gneE53,0,0,6.766,0,0,0,0,0,0,19.44
5500,gneE53-n,0,0,6.766,0,0,0,0,0,0,19.44
5500,gneE54,0,0,12.119,0,0,0,0,0,0,19.44
5500,gneE54-n,0,0,12.119,0,0,0,0,0,0,19.44
5500,gneE55,0,0,12.119,0,0,0,0,0,0,19.44
5500,gneE55-n,0,0,12.119,0,0,0,0,0,0,19.44
5500,gneE56,0,0,6.766,0,0,0,0,0,0,19.44
5500,gneE56-n,0,0,6.766,0,0,0,0,0,0,19.44
5500,gneE57,16.3,0.306,88.892,1671.885,32105.158,8.36,0.727,14.301,10240.626,1.617
5500,gneE58,16.1,0.304,85.464,1632.973,30797.415,8.151,0.696,13.706,9823.514,1.615
5500,gneE59,2.424,0.047,17.043,96.299,4346.469,0.537,0.064,1.69,1386.358,8.354
5500,gneE60,2.92,0.06,27.422,182.601,6481.098,0.981,0.116,2.668,2067.223,7.076
5500,gneE61,1.932,0.038,21.642,107.979,4260.757,0.59,0.072,1.725,1359.016,8.205
5500,gneE62,1.78,0.034,15.304,67.64,3082.346,0.378,0.045,1.194,983.151,9.117
5500,gneE63,15.428,0.039,95.622,387.851,33079.706,2.508,0.415,12.358,10551.027,10.423
5500,gneE63-n,120.244,0.302,800.433,12473.113,232867.002,62.2,5.259,103.484,74278.156,1.436
5500,gneE64,15.072,0.038,98.458,397.155,32013.345,2.526,0.4,11.971,10210.917,10.121
5500,gneE64-n,117.108,0.294,823.7,12005.766,223566.105,59.858,5.051,99.473,71311.435,1.4
5500,gneE65,15.276,0.038,97.848,395.438,32230.18,2.521,0.401,12.034,10280.078,10.181
5500,gneE65-n,131.068,0.329,1589.459,17777.951,304460.109,88.059,7.263,137.474,97114.904,0.841
5500,gneE66,15.136,0.038,96.561,382.479,32194.611,2.462,0.4,12.005,10268.727,10.321
5500,gneE66-n,132.824,0.334,836.737,16782.8,298472.449,83.369,6.931,133.567,95204.798,1.249
5750,gneE32,20.268,0.264,96.963,1645.265,33383.421,8.266,0.731,14.776,10648.319,1.974
5750,gneE33,16.96,0.307,53.828,1225.908,29451.516,6.263,0.598,12.706,9394.071,2.645
5750,gneE34,19.484,0.259,122.405,2053.91,39725.409,10.278,0.899,17.684,12671.261,1.611
5750,gneE35,4.876,0.065,33.728,311.575,8986.163,1.625,0.163,3.725,2866.277,6.714
5750,gneE36,9.7,0.18,34.341,721.21,21151.663,3.775,0.414,9,6746.608,4.446
5750,gneE37,4.152,0.055,25.032,222.474,9680.249,1.235,0.163,3.923,3087.609,7.887
5750,gneE38,20.28,0.264,96.958,1649.173,33473.954,8.286,0.734,14.82,10677.196,1.972
5750,gneE39,12.668,0.231,44.969,881.478,23214.7,4.551,0.464,9.955,7404.686,3.458
5750,gneE40,6.552,0.087,28.415,384.544,14945.646,2.095,0.26,6.112,4767.075,7.017
5750,gneE41,22.848,0.298,96.989,1791.625,37782.701,9.033,0.807,16.56,12051.54,2.04
5750,gneE42,16.416,0.299,49.849,1176.589,29253.646,6.035,0.591,12.6,9330.934,2.865
5750,gneE44,3.612,0.049,24.546,192.77,8287.942,1.068,0.136,3.334,2643.526,8.055
5750,gneE45,0.924,0.018,14.407,57.616,2297.666,0.316,0.04,0.944,732.864,9.644
5750,gneE45-n,0,0,11.84,0,0,0,0,0,0,11.11
5750,gneE47,0,0,21.206,0,0,0,0,0,0,11.11
5750,gneE47-n,0,0,21.206,0,0,0,0,0,0,11.11
5750,gneE48,0,0,21.206,0,0,0,0,0,0,11.11
5750,gneE48-n,0,0,21.206,0,0,0,0,0,0,11.11
5750,gneE49,0,0,11.84,0,0,0,0,0,0,11.11
5750,gneE49-n,0,0,11.84,0,0,0,0,0,0,11.11
5750,gneE51,6.988,0.135,33.635,587.871,15395.741,3.034,0.307,6.577,4910.713,4.227
5750,gneE52,3.636,0.07,20.963,188.364,6392.706,1.004,0.106,2.589,2039.043,6.768
5750,gneE53,0,0,6.766,0,0,0,0,0,0,19.44
5750,gneE53-n,0,0,6.766,0,0,0,0,0,0,19.44
5750,gneE54,0,0,12.119,0,0,0,0,0,0,19.44
5750,gneE54-n,0,0,12.119,0,0,0,0,0,0,19.44
5750,gneE55,0,0,12.119,0,0,0,0,0,0,19.44
5750,gneE55-n,0,0,12.119,0,0,0,0,0,0,19.44
5750,gneE56,0,0,6.766,0,0,0,0,0,0,19.44
5750,gneE56-n,0,0,6.766,0,0,0,0,0,0,19.44
5750,gneE57,16.636,0.312,91.922,1711.869,32537.741,8.552,0.737,14.495,10378.619,1.628
5750,gneE58,16.74,0.317,92.72,1752.228,32975.214,8.746,0.749,14.697,10518.169,1.54
5750,gneE59,2.044,0.04,18.584,77.613,3464.857,0.432,0.051,1.349,1105.157,8.56
5750,gneE60,2.128,0.042,17.959,112.81,5034.297,0.629,0.085,2.032,1605.737,8.316
5750,gneE61,1.912,0.038,17.114,101.158,4255.87,0.558,0.072,1.721,1357.453,8.636
5750,gneE62,1.836,0.035,17.114,76.047,3296.576,0.421,0.049,1.283,1051.483,8.814
5750,gneE63,15.416,0.039,98.011,397.724,32709.033,2.543,0.402,12.182,10432.816,10.17
5750,gneE63-n,115.164,0.289,801.433,11505.271,213365.494,57.346,4.84,95.129,68057.723,1.271
5750,gneE64,13.648,0.034,96.209,344.094,29109.127,2.218,0.36,10.841,9284.589,10.356
5750,gneE64-n,120.088,0.302,781.195,11738.624,226055.679,58.697,5.033,100.121,72105.369,1.615
5750,gneE65,15.424,0.039,99.5,404.66,32253.728,2.567,0.398,12.047,10287.597,10.023
5750,gneE65-n,126.124,0.317,949.686,13645.552,254478.742,68.051,5.776,113.239,81171.685,1.486
5750,gneE66,15.252,0.038,94.226,378.589,33365.65,2.471,0.415,12.421,10642.229,10.572
5750,gneE66-n,133.876,0.336,826.274,16740.34,299396.346,83.201,6.943,133.939,95499.446,1.276
6000,gneE32,20.424,0.265,99.586,1712.931,34383.415,8.598,0.756,15.236,10967.296,1.923
6000,gneE33,17.008,0.308,52.113,1210.059,29555.819,6.194,0.599,12.734,9427.329,2.718
6000,gneE34,19.348,0.257,117.333,1928.601,38231.052,9.672,0.858,16.975,12194.581,1.693
6000,gneE35,3.868,0.051,25.625,180.556,7014.247,0.982,0.112,2.802,2237.281,7.926
6000,gneE36,4.52,0.083,17.977,244.286,11927.047,1.387,0.197,4.812,3804.233,8.687
6000,gneE37,3.816,0.051,23.871,185.155,8970.606,1.049,0.146,3.596,2861.255,8.246
6000,gneE38,20.548,0.267,101.698,1700.43,33998.731,8.532,0.75,15.078,10844.595,1.884
6000,gneE39,16.372,0.296,60.273,1211.258,27604.019,6.153,0.568,11.957,8804.811,2.333
6000,gneE40,19.276,0.256,88.745,1887.258,39724.528,9.517,0.866,17.457,12670.912,2.461
6000,gneE41,23.016,0.3,97.756,1952.2,40359.272,9.823,0.866,17.689,12873.41,2.011
6000,gneE42,16.9,0.306,59.419,1316.719,30178.133,6.694,0.625,13.087,9625.863,2.436
6000,gneE44,5.024,0.069,32.824,376.366,11800.758,1.986,0.219,4.918,3764.009,6.196
6000,gneE45,0.688,0.013,19.056,37.244,1716.627,0.209,0.029,0.694,547.533,10.064
6000,gneE45-n,0,0,11.84,0,0,0,0,0,0,11.11
6000,gneE47,0.66,0.007,22.76,27.121,1534.649,0.159,0.023,0.601,489.49,10.545
6000,gneE47-n,0,0,21.206,0,0,0,0,0,0,11.11
6000,gneE48,0,0,21.206,0,0,0,0,0,0,11.11
6000,gneE48-n,0,0,21.206,0,0,0,0,0,0,11.11
6000,gneE49,0,0,11.84,0,0,0,0,0,0,11.11
6000,gneE49-n,0,0,11.84,0,0,0,0,0,0,11.11
6000,gneE51,12.828,0.247,86.149,1405.799,27613.811,7.045,0.625,12.274,8807.997,2.06
6000,gneE52,4.628,0.09,27.518,284.013,8382.273,1.485,0.15,3.456,2673.655,5.996
6000,gneE53,0,0,6.766,0,0,0,0,0,0,19.44
6000,gneE53-n,0,0,6.766,0,0,0,0,0,0,19.44
6000,gneE54,0,0,12.119,0,0,0,0,0,0,19.44
6000,gneE54-n,0,0,12.119,0,0,0,0,0,0,19.44
6000,gneE55,0.444,0.005,13.549,30.366,1890.282,0.182,0.037,0.782,602.91,18.013
6000,gneE55-n,0,0,12.119,0,0,0,0,0,0,19.44
6000,gneE56,0.224,0.004,7.481,20.07,1013.684,0.116,0.021,0.436,323.318,18.335
6000,gneE56-n,0,0,6.766,0,0,0,0,0,0,19.44
6000,gneE57,13.592,0.258,81.32,1338.607,25708.675,6.693,0.578,11.421,8200.336,1.832
6000,gneE58,16.212,0.307,95.362,1673.26,31500.098,8.352,0.715,14.042,10047.648,1.519
6000,gneE59,2.04,0.039,15.823,76.337,3542.03,0.427,0.05,1.362,1129.774,8.808
6000,gneE60,1.944,0.038,20.111,102.134,4346.03,0.565,0.072,1.748,1386.212,8.438
6000,gneE61,1.236,0.025,20.589,70.185,2700.792,0.382,0.046,1.096,861.449,8.926
6000,gneE62,1.144,0.022,19.358,39.977,2026.813,0.227,0.028,0.775,646.475,9.765
6000,gneE63,15.1,0.038,95.279,380.251,32794.802,2.465,0.408,12.217,10460.157,10.457
6000,gneE63-n,115.896,0.291,593.341,10043.68,199996.706,50.364,4.349,88.032,63793.185,1.735
6000,gneE64,14.012,0.035,98.306,363.033,29609.026,2.318,0.365,11.048,9444.043,10.131
6000,gneE64-n,119.092,0.299,979.268,12578.178,235315.337,62.748,5.349,104.873,75059.045,1.449
6000,gneE65,14.228,0.036,98.779,370.519,29918.474,2.358,0.369,11.163,9542.746,10.084
6000,gneE65-n,112.856,0.284,1175.813,12375.899,222192.395,61.531,5.175,99.889,70873.363,1.112
6000,gneE66,14.912,0.037,97.392,379.786,31546.655,2.434,0.387,11.738,10062.065,10.233
6000,gneE66-n,140.948,0.354,772.794,17850.54,323261.316,88.809,7.457,144.342,103111.639,1.451
6250,gneE32,20.32,0.264,98.252,1684.817,34127.858,8.464,0.75,15.118,10885.772,1.95
6250,gneE33,16.58,0.301,55.347,1208.437,28504.53,6.162,0.583,12.323,9092.022,2.551
6250,gneE34,20.104,0.267,118.472,2021.928,39599.027,10.128,0.887,17.574,12630.942,1.679
6250,gneE35,2.504,0.034,23.086,103.048,4454.093,0.57,0.066,1.738,1420.687,8.684
6250,gneE36,2.976,0.054,13.902,124.976,8401.81,0.763,0.13,3.326,2679.809,9.986
6250,gneE37,3.932,0.052,24.702,199.148,9093.768,1.114,0.148,3.646,2900.546,7.977
6250,gneE38,21.336,0.278,117.028,1925.253,37380.389,9.633,0.833,16.592,11923.274,1.679
6250,gneE39,15.788,0.286,73.208,1325.512,26818.238,6.657,0.582,11.804,8554.232,1.933
6250,gneE40,24.1,0.317,183.862,2822.173,50091.274,14.016,1.166,22.466,15977.786,1.142
6250,gneE41,22.608,0.295,113.736,2047.156,40477.879,10.259,0.889,17.862,12911.277,1.762
6250,gneE42,16.476,0.298,66.207,1355.58,29296.71,6.851,0.62,12.79,9344.751,2.183
6250,gneE44,4.612,0.065,41.726,406.214,10669.54,2.096,0.21,4.526,3403.22,5.261
6250,gneE45,4.584,0.089,45.449,518.64,11249.648,2.624,0.245,4.927,3588.285,4.106
6250,gneE45-n,0,0,11.84,0,0,0,0,0,0,11.11
6250,gneE47,1.04,0.011,24.089,42.313,2265.146,0.245,0.036,0.901,722.487,10.105
6250,gneE47-n,0,0,21.206,0,0,0,0,0,0,11.11
6250,gneE48,0,0,21.206,0,0,0,0,0,0,11.11
6250,gneE48-n,1.188,0.013,25.055,52.649,2606.724,0.299,0.04,1.027,831.44,9.911
6250,gneE49,0,0,11.84,0,0,0,0,0,0,11.11
6250,gneE49-n,0.804,0.016,13.555,38.619,1934.481,0.22,0.031,0.776,617.019,10.062
6250,gneE51,17.132,0.326,133.827,2102.915,37667.7,10.454,0.884,16.935,12014.976,1.211
6250,gneE52,8.684,0.166,67.582,1050.384,19687.272,5.242,0.451,8.758,6279.69,3.182
6250,gneE53,0,0,6.766,0,0,0,0,0,0,19.44
6250,gneE53-n,0.556,0.011,8.443,50.376,2570.007,0.291,0.054,1.101,819.712,16.997
6250,gneE54,0,0,12.119,0,0,0,0,0,0,19.44
6250,gneE54-n,0.772,0.008,14.537,53.733,3262.921,0.321,0.064,1.35,1040.718,17.105
6250,gneE55,0.696,0.008,14.535,47.534,2905.912,0.283,0.057,1.199,926.849,17.275
6250,gneE55-n,0,0,12.119,0,0,0,0,0,0,19.44
6250,gneE56,0.476,0.009,8.053,43.876,2331.648,0.256,0.049,0.999,743.686,17.393
6250,gneE56-n,0,0,6.766,0,0,0,0,0,0,19.44
6250,gneE57,10.856,0.209,65.951,1099.362,21034.25,5.495,0.475,9.355,6709.328,2.169
6250,gneE58,15.588,0.295,87.743,1546.732,28822.057,7.713,0.656,12.861,9193.437,1.572
6250,gneE59,0.844,0.017,14.695,31.947,1432.291,0.178,0.02,0.551,456.847,9.974
6250,gneE60,0.992,0.02,20.331,50.322,2139.066,0.278,0.036,0.862,682.277,9.679
6250,gneE61,1.6,0.032,19.93,133.96,3569.218,0.692,0.069,1.503,1138.46,7.702
6250,gneE62,0.868,0.017,14.012,37.196,1485.502,0.203,0.022,0.581,473.821,9.862
6250,gneE63,14.896,0.037,93.095,357.208,32367.838,2.346,0.4,12.012,10323.967,10.701
6250,gneE63-n,113.856,0.286,550.876,9274.175,190251.132,46.632,4.09,83.505,60684.498,1.842
6250,gneE64,14.22,0.036,96.988,362.223,30412.443,2.331,0.375,11.326,9700.294,10.27
6250,gneE64-n,116.908,0.294,1002.796,12741.302,230497.509,63.381,5.324,103.254,73522.465,1.156
6250,gneE65,16.524,0.041,100.519,450.469,34806.658,2.83,0.443,13.082,11101.869,9.918
6250,gneE65-n,113.44,0.285,1032.726,11670.178,207651.346,57.971,4.815,93.233,66235.251,1.056
6250,gneE66,15.44,0.039,97.225,405.401,33008.13,2.585,0.419,12.372,10528.203,10.247
6250,gneE66-n,148.416,0.373,1256.731,19523.344,351142.241,97.094,8.196,157.337,112004.883,1.395
6500,gneE32,20.244,0.263,96.103,1685.522,34516.958,8.476,0.757,15.284,11009.873,1.992
6500,gneE33,23.444,0.433,93.807,2226.039,43585.206,11.15,0.978,19.374,13902.415,1.679
6500,gneE34,18.632,0.248,118.046,2053.013,39850.916,10.277,0.9,17.709,12711.292,1.717
6500,gneE35,2.928,0.039,24.452,126.551,5360.522,0.699,0.083,2.122,1709.801,8.509
6500,gneE36,2.624,0.047,13.339,114.524,7908.786,0.704,0.125,3.146,2522.551,10.41
6500,gneE37,3.536,0.047,22.553,166.407,8673.827,0.956,0.138,3.455,2766.59,8.665
6500,gneE38,21.388,0.278,120.247,1941.696,37397.884,9.709,0.837,16.625,11928.86,1.648
6500,gneE39,15.86,0.287,72.456,1309.477,26791.105,6.583,0.58,11.78,8545.57,1.945
6500,gneE40,22.32,0.291,123.6,2084.966,39829.255,10.418,0.892,17.689,12704.41,1.599
6500,gneE41,22.204,0.289,124.975,2110.432,40567.929,10.55,0.906,18.004,12940.02,1.659
6500,gneE42,16.336,0.295,75.107,1404.101,28797.197,7.061,0.625,12.664,9185.451,1.927
6500,gneE44,8.456,0.118,64.337,894.05,19565.664,4.526,0.422,8.539,6240.835,3.265
6500,gneE45,4.276,0.085,87.343,534.966,10627.845,2.684,0.24,4.706,3389.969,2.773
6500,gneE45-n,0.068,0.001,12.032,3.282,163.955,0.019,0.003,0.065,52.295,11
6500,gneE47,1.54,0.017,24.553,63.996,3568.53,0.373,0.056,1.412,1138.211,9.919
6500,gneE47-n,0.108,0.001,21.532,4.01,234.108,0.024,0.003,0.09,74.671,10.994
6500,gneE48,0,0,21.206,0,0,0,0,0,0,11.11
6500,gneE48-n,1.108,0.012,24.095,42.626,2466.94,0.25,0.036,0.96,786.852,10.065
6500,gneE49,0,0,11.84,0,0,0,0,0,0,11.11
6500,gneE49-n,0.784,0.015,14.074,41.243,1850.953,0.231,0.032,0.753,590.378,9.871
6500,gneE51,16.564,0.314,163.67,2149.572,36445.437,10.639,0.873,16.493,11625.161,1.023
6500,gneE52,17.148,0.322,174.062,2468.939,41049.501,12.204,1.005,18.697,13093.746,0.892
6500,gneE53,0,0,6.766,0,0,0,0,0,0,19.44
6500,gneE53-n,0.492,0.01,8.127,44.707,2363.752,0.26,0.049,1.012,753.925,17.192
6500,gneE54,0,0,12.119,0,0,0,0,0,0,19.44
6500,gneE54-n,0.668,0.007,14.064,45.587,2937.165,0.275,0.057,1.21,936.816,17.409
6500,gneE55,0.956,0.01,14.845,72.85,4482.294,0.437,0.09,1.865,1429.638,16.681
6500,gneE55-n,0,0,12.119,0,0,0,0,0,0,19.44
6500,gneE56,0.74,0.015,10.584,66.761,3541.177,0.388,0.074,1.515,1129.468,16.031
6500,gneE56-n,0,0,6.766,0,0,0,0,0,0,19.44
6500,gneE57,2.308,0.046,22.034,170.721,4637.097,0.883,0.087,1.928,1479.078,7.681
6500,gneE58,13.34,0.255,97.679,1489.988,27200.729,7.418,0.628,12.176,8676.288,1.588
6500,gneE59,0.808,0.016,13.608,30.172,1427.766,0.17,0.021,0.552,455.402,10.066
6500,gneE60,0.84,0.016,13.531,37.162,1894.589,0.212,0.03,0.75,604.296,10.068
6500,gneE61,0.624,0.012,13.361,26.409,1382.266,0.152,0.022,0.549,440.885,10.283
6500,gneE62,0.776,0.015,13.557,24.161,1431.539,0.142,0.019,0.543,456.604,10.263
6500,gneE63,15.624,0.039,95.618,395.271,33582.162,2.548,0.42,12.523,10711.293,10.43
6500,gneE63-n,105.88,0.266,533.482,8350.11,173474.83,42.037,3.713,76.075,55333.3,1.876
6500,gneE64,16.348,0.041,96.295,416.254,35214.739,2.682,0.436,13.118,11232.021,10.345
6500,gneE64-n,108.544,0.273,718.254,10032.004,191954.543,50.134,4.282,85.199,61228.092,1.467
6500,gneE65,15.328,0.038,98.191,400.36,32424.254,2.55,0.404,12.122,10341.98,10.149
6500,gneE65-n,118.388,0.298,1405.019,15089.288,256169.201,74.683,6.103,115.841,81711.427,0.762
6500,gneE66,14.496,0.036,96.351,366.834,30904.485,2.356,0.38,11.492,9857.235,10.34
6500,gneE66-n,135.072,0.339,1290.176,17465.144,315913.954,86.901,7.365,141.577,100767.952,1.387
6750,gneE32,20.308,0.264,97.737,1654.332,33589.412,8.312,0.736,14.87,10714.023,1.961
6750,gneE33,29.748,0.546,122.068,2985.586,55493.177,14.886,1.268,24.82,17700.781,1.199
6750,gneE34,22.836,0.303,184.071,2984.982,53338.673,14.838,1.257,23.992,17013.593,1.148
6750,gneE35,1.904,0.025,21.974,70.229,3312.096,0.395,0.046,1.275,1056.433,9.157
6750,gneE36,2.868,0.052,13.898,118.241,7977.225,0.721,0.12,3.137,2544.389,9.99
6750,gneE37,3.872,0.051,23.708,181.787,8890.032,1.031,0.141,3.547,2835.557,8.261
6750,gneE38,20.704,0.269,104.966,1764.295,34840.734,8.842,0.771,15.456,11113.181,1.834
6750,gneE39,15.136,0.274,64.942,1189.67,24981.386,5.996,0.536,10.97,7968.307,2.189
6750,gneE40,24.216,0.317,180.599,2833.434,50392.568,14.077,1.178,22.648,16073.88,1.208
6750,gneE41,21.6,0.281,108.26,1842.559,36733.721,9.242,0.807,16.238,11716.987,1.802
6750,gneE42,16.464,0.297,63.523,1251.823,28108.808,6.35,0.584,12.212,8965.827,2.257
6750,gneE44,8.388,0.116,52.265,814.465,19420.743,4.159,0.4,8.361,6194.584,3.756
6750,gneE45,0.728,0.016,16.392,48.113,1708.561,0.259,0.031,0.705,544.965,9.545
6750,gneE45-n,0.06,0.001,11.966,2.654,147.945,0.016,0.003,0.062,47.188,11.045
6750,gneE47,1.124,0.012,24.597,45.688,2454.096,0.264,0.037,0.96,782.757,9.975
6750,gneE47-n,0.096,0.001,21.392,3.892,246.905,0.023,0.004,0.097,78.752,11.064
6750,gneE48,0.14,0.001,21.696,6.465,351.524,0.038,0.006,0.139,112.121,10.963
6750,gneE48-n,1.032,0.011,23.731,42.99,2333.206,0.249,0.036,0.921,744.196,10.208
6750,gneE49,0.06,0.001,11.974,2.916,158.32,0.017,0.002,0.063,50.497,11.04
6750,gneE49-n,0.616,0.012,13.375,29.957,1478.869,0.17,0.024,0.593,471.698,10.233
6750,gneE51,16.312,0.309,111.908,1925.795,33689.405,9.554,0.791,15.161,10746.035,1.257
6750,gneE52,16.744,0.316,129.305,2152.873,37581.797,10.681,0.894,16.978,11987.596,1.174
6750,gneE53,0,0,6.766,0,0,0,0,0,0,19.44
6750,gneE53-n,0.46,0.009,11.163,41.783,2080.23,0.24,0.044,0.891,663.496,17.272
6750,gneE54,0,0,12.119,0,0,0,0,0,0,19.44
6750,gneE54-n,0.616,0.007,14.086,42.34,2609.501,0.253,0.051,1.075,832.308,17.513
6750,gneE55,0.8,0.009,15.342,53.932,3249.232,0.32,0.063,1.334,1036.353,16.763
6750,gneE55-n,0.196,0.002,12.741,15.927,997.368,0.096,0.02,0.416,318.113,18.8
6750,gneE56,0.62,0.012,8.733,52.778,2802.881,0.307,0.058,1.197,893.987,16.601
6750,gneE56-n,0.176,0.004,7.283,17.064,810.429,0.097,0.017,0.348,258.49,18.533
6750,gneE57,2.268,0.045,23.818,95.041,3977.631,0.522,0.06,1.554,1268.715,8.295
6750,gneE58,13.936,0.267,116.091,1660.8,29711.998,8.256,0.696,13.357,9477.325,1.342
6750,gneE59,0.672,0.013,14.473,21.192,1187.7,0.123,0.016,0.452,378.829,10.297
6750,gneE60,0.708,0.014,17.907,32.874,1524.124,0.185,0.025,0.612,486.133,10.06
6750,gneE61,2.212,0.043,22.309,190.39,4997.888,0.983,0.099,2.122,1594.156,7.271
6750,gneE62,1.444,0.028,15.038,58.578,2615.14,0.326,0.039,1.022,834.13,9.282
6750,gneE63,16.092,0.04,98.522,422.168,34104.133,2.684,0.42,12.706,10877.798,10.111
6750,gneE63-n,102.932,0.259,559.416,7925.26,166341.696,39.942,3.573,73.132,53057.969,1.785
6750,gneE64,12.408,0.031,99.032,320.949,25783.939,2.039,0.318,9.621,8224.003,10.061
6750,gneE64-n,87.848,0.221,678.357,7994.989,154952.563,40.003,3.449,68.729,49425.445,1.522
6750,gneE65,16.216,0.041,98.407,419.514,34202.781,2.676,0.421,12.751,10909.26,10.122
6750,gneE65-n,114.872,0.289,1055.536,12200.245,213833.579,60.53,4.989,96.165,68207.303,0.955
6750,gneE66,15.244,0.038,97.975,397.297,32427.562,2.534,0.401,12.093,10343.037,10.168
6750,gneE66-n,123.388,0.31,753.845,15939.932,291034.638,79.375,6.777,130.374,92832.042,1.424
7000,gneE32,20.368,0.265,98.964,1684.203,33975.01,8.458,0.747,15.054,10837.022,1.938
7000,gneE33,29.112,0.534,115.995,2852.766,54094.019,14.248,1.227,24.146,17254.461,1.336
7000,gneE34,24.352,0.322,171.389,3150.921,56415.017,15.665,1.326,25.35,17994.863,1.224
7000,gneE35,2.536,0.034,21.476,91.182,4675.147,0.52,0.066,1.792,1491.189,9.262
7000,gneE36,3.192,0.057,13.793,138.701,9359.946,0.847,0.145,3.711,2985.411,10.062
7000,gneE37,3.74,0.05,23.311,175.53,8748.582,1,0.139,3.488,2790.438,8.374
7000,gneE38,20.572,0.268,102.37,1738.083,34846.096,8.723,0.769,15.452,11114.877,1.883
7000,gneE39,15.164,0.275,64.795,1157.604,25354.572,5.858,0.536,11.077,8087.32,2.202
7000,gneE40,25.152,0.332,281.218,3117.16,55235.932,15.482,1.294,24.818,17618.79,1.109
7000,gneE41,23.572,0.306,172.585,2705.38,49017.114,13.462,1.14,22.002,15635.121,1.337
7000,gneE42,16.796,0.307,67.445,1585.657,33940.746,8.009,0.735,14.893,10826.05,2.328
7000,gneE44,8.06,0.108,58.56,819.053,19096.498,4.173,0.4,8.264,6091.164,3.643
7000,gneE45,1.2,0.023,23.413,102.581,2986.336,0.536,0.058,1.26,952.534,8.285
7000,gneE45-n,0.072,0.001,12.059,4.017,173.888,0.022,0.003,0.07,55.463,10.982
7000,gneE47,1.16,0.012,25.679,49.428,2363.832,0.279,0.037,0.943,753.967,9.715
7000,gneE47-n,0.136,0.001,22.149,8.769,304.665,0.047,0.005,0.124,97.177,10.83
7000,gneE48,0.496,0.005,22.885,17.899,1039.867,0.105,0.015,0.403,331.675,10.582
7000,gneE48-n,0.996,0.011,23.674,38.966,2186.97,0.227,0.033,0.859,697.553,10.24
7000,gneE49,0.192,0.004,12.291,8.308,451.947,0.048,0.007,0.18,144.152,10.842
7000,gneE49-n,0.48,0.009,13.094,24.034,1147.5,0.136,0.019,0.464,366.005,10.4
7000,gneE51,17.152,0.327,172.773,2242.889,38926.618,11.122,0.929,17.587,12416.565,1.007
7000,gneE52,17.464,0.328,155.22,2336.968,41138.283,11.604,0.982,18.601,13122.005,1.136
7000,gneE53,0,0,6.766,0,0,0,0,0,0,19.44
7000,gneE53-n,0.612,0.012,8.759,58.618,2954.153,0.338,0.062,1.27,942.236,16.51
7000,gneE54,0,0,12.119,0,0,0,0,0,0,19.44
7000,gneE54-n,0.52,0.006,14.178,41.065,2353.283,0.241,0.047,0.973,750.587,17.519
7000,gneE55,0.64,0.007,22.812,43.022,2620.935,0.255,0.05,1.075,835.956,17.129
7000,gneE55-n,0.284,0.003,13.11,20.042,1068.028,0.116,0.021,0.444,340.652,18.425
7000,gneE56,0.384,0.007,13.7,34.67,1913.46,0.204,0.039,0.816,610.303,17.76
7000,gneE56-n,0.164,0.003,7.15,16.071,818.519,0.093,0.017,0.353,261.069,18.739
7000,gneE57,2.368,0.046,17.451,97.642,4146.77,0.538,0.061,1.621,1322.664,8.154
7000,gneE58,13.576,0.261,106.45,1585.229,29160.14,7.898,0.674,13.054,9301.278,1.539
7000,gneE59,1.264,0.025,14.864,46.287,2169.819,0.259,0.031,0.833,692.09,9.534
7000,gneE60,1.364,0.027,16.055,69.203,3198.867,0.389,0.055,1.299,1020.306,9.397
7000,gneE61,7.644,0.148,69.58,893.992,17096.228,4.47,0.391,7.614,5453.207,3.11
7000,gneE62,2.796,0.054,19.136,133.672,4769.467,0.718,0.078,1.915,1521.285,7.916
7000,gneE63,15.78,0.039,96.856,402.225,33459.618,2.578,0.417,12.484,10672.213,10.284
7000,gneE63-n,99.328,0.25,513.081,7555.262,161448.203,38.139,3.428,70.72,51497.051,1.945
7000,gneE64,11.72,0.029,95.66,294.516,25221.285,1.905,0.315,9.406,8044.525,10.417
7000,gneE64-n,75.996,0.191,453.751,5675.118,124901.88,28.731,2.616,54.453,39839.824,2.213
7000,gneE65,9.192,0.023,94.586,227.869,19956.417,1.481,0.246,7.411,6365.255,10.538
7000,gneE65-n,120.432,0.303,1596.104,15820.097,265374.106,78.233,6.385,120.32,84647.613,0.657
7000,gneE66,16.356,0.041,97.801,417.456,34556.125,2.677,0.425,12.878,11021.959,10.185
7000,gneE66-n,110.58,0.278,1027.99,14303.713,258802.909,71.171,6.038,116.001,82551.076,1.374
